time,date,close,open,high,low
1433883600.0,10.06.2015,11.15,10.8,11.25,10.6
1433970000.0,11.06.2015,11.2,11.05,11.4,10.7
1434056400.0,12.06.2015,11.0,11.25,11.25,10.9
1434315600.0,15.06.2015,10.55,10.9,11.25,10.55
1434402000.0,16.06.2015,10.65,10.55,10.8,10.5
1434488400.0,17.06.2015,10.9,10.65,11.65,10.65
1434574800.0,18.06.2015,10.9,11.05,11.05,10.8
1434661200.0,19.06.2015,10.95,10.9,11.0,10.8
1434920400.0,22.06.2015,11.25,11.0,11.45,11.0
1435006800.0,23.06.2015,11.1,11.3,11.5,11.05
1435093200.0,24.06.2015,11.05,11.15,11.4,11.0
1435179600.0,25.06.2015,10.8,11.1,11.2,10.75
1435266000.0,26.06.2015,10.85,10.85,11.0,10.8
1435525200.0,29.06.2015,10.3,10.65,10.65,10.3
1435611600.0,30.06.2015,10.6,10.35,10.6,10.15
1435698000.0,01.07.2015,10.5,10.6,11.0,10.4
1435784400.0,02.07.2015,12.45,10.5,12.45,10.4
1435870800.0,03.07.2015,11.95,13.2,13.5,11.95
1436130000.0,06.07.2015,12.6,11.65,12.6,11.25
1436216400.0,07.07.2015,13.0,12.95,13.6,12.75
1436302800.0,08.07.2015,12.35,13.15,13.2,12.0
1436389200.0,09.07.2015,12.45,12.45,13.25,12.35
1436475600.0,10.07.2015,12.55,12.65,13.0,12.15
1436734800.0,13.07.2015,12.55,12.5,13.0,12.45
1436821200.0,14.07.2015,12.45,12.55,12.85,12.3
1436907600.0,15.07.2015,12.7,12.45,13.7,12.4
1436994000.0,16.07.2015,12.6,12.75,12.8,12.55
1437339600.0,20.07.2015,12.3,12.7,12.8,12.2
1437426000.0,21.07.2015,12.45,12.2,12.8,12.2
1437512400.0,22.07.2015,12.3,12.45,12.6,12.25
1437598800.0,23.07.2015,11.55,12.35,12.45,11.45
1437685200.0,24.07.2015,11.85,11.85,12.1,11.5
1437944400.0,27.07.2015,11.3,11.85,11.9,11.1
1438030800.0,28.07.2015,11.55,11.2,11.9,11.2
1438117200.0,29.07.2015,11.65,11.55,11.7,11.4
1438203600.0,30.07.2015,11.5,11.45,11.75,11.45
1438290000.0,31.07.2015,11.95,11.5,12.1,11.45
1438549200.0,03.08.2015,11.4,12.05,12.05,11.4
1438635600.0,04.08.2015,11.45,11.5,11.8,11.3
1438722000.0,05.08.2015,11.45,11.45,11.7,11.4
1438808400.0,06.08.2015,11.6,11.55,11.95,11.45
1438894800.0,07.08.2015,11.6,11.65,11.65,11.45
1439154000.0,10.08.2015,11.2,11.6,11.7,11.1
1439240400.0,11.08.2015,11.55,11.3,11.6,11.3
1439326800.0,12.08.2015,10.85,11.3,11.45,10.65
1439413200.0,13.08.2015,10.65,10.8,10.8,10.2
1439499600.0,14.08.2015,10.95,10.6,11.25,10.6
1439758800.0,17.08.2015,11.35,11.5,12.0,11.1
1439845200.0,18.08.2015,11.7,11.05,11.8,11.05
1439931600.0,19.08.2015,10.95,11.6,11.65,10.75
1440018000.0,20.08.2015,10.7,10.55,10.85,10.3
1440104400.0,21.08.2015,10.55,10.55,10.8,10.4
1440363600.0,24.08.2015,9.9,10.4,10.45,9.75
1440450000.0,25.08.2015,10.75,9.98,10.8,9.98
1440536400.0,26.08.2015,10.75,10.65,11.5,10.65
1440622800.0,27.08.2015,10.8,10.95,10.95,10.6
1440709200.0,28.08.2015,10.65,10.8,10.9,10.6
1440968400.0,31.08.2015,11.1,10.75,11.25,10.55
1441054800.0,01.09.2015,12.1,11.05,12.3,10.95
1441141200.0,02.09.2015,12.75,12.2,12.95,12.15
1441227600.0,03.09.2015,11.15,12.8,13.3,10.9
1441314000.0,04.09.2015,10.9,11.2,11.2,10.85
1441573200.0,07.09.2015,10.6,10.8,10.85,10.5
1441659600.0,08.09.2015,11.0,10.7,11.1,10.7
1441746000.0,09.09.2015,10.8,11.1,11.2,10.8
1441832400.0,10.09.2015,10.75,10.75,10.95,10.6
1441918800.0,11.09.2015,10.75,10.9,10.9,10.65
1442178000.0,14.09.2015,10.6,10.7,10.8,10.5
1442264400.0,15.09.2015,10.8,10.55,10.9,10.5
1442350800.0,16.09.2015,10.85,10.8,11.1,10.7
1442437200.0,17.09.2015,10.8,10.8,10.95,10.75
1442523600.0,18.09.2015,10.9,10.8,10.95,10.7
1442782800.0,21.09.2015,11.3,10.75,11.5,10.75
1442869200.0,22.09.2015,11.25,11.4,11.65,11.1
1442955600.0,23.09.2015,11.2,11.1,11.35,11.1
1443387600.0,28.09.2015,11.55,11.3,12.05,11.2
1443474000.0,29.09.2015,11.25,11.4,11.85,11.15
1443560400.0,30.09.2015,11.35,11.3,11.5,11.25
1443646800.0,01.10.2015,11.25,11.45,11.5,11.2
1443733200.0,02.10.2015,11.25,11.3,11.35,11.15
1443992400.0,05.10.2015,11.35,11.25,11.55,11.2
1444078800.0,06.10.2015,11.25,11.3,11.45,11.25
1444165200.0,07.10.2015,11.55,11.3,11.7,11.3
1444251600.0,08.10.2015,11.55,11.55,11.7,11.45
1444338000.0,09.10.2015,11.6,11.6,11.7,11.45
1444597200.0,12.10.2015,11.5,11.5,11.65,11.2
1444683600.0,13.10.2015,11.4,11.6,11.6,11.35
1444770000.0,14.10.2015,11.55,11.5,11.65,11.45
1444856400.0,15.10.2015,11.55,11.6,11.95,11.55
1444942800.0,16.10.2015,11.4,11.55,11.65,11.35
1445202000.0,19.10.2015,11.45,11.45,11.65,11.45
1445288400.0,20.10.2015,11.4,11.45,11.55,11.3
1445374800.0,21.10.2015,11.5,11.4,11.5,11.25
1445461200.0,22.10.2015,11.4,11.5,11.5,11.4
1445547600.0,23.10.2015,11.4,11.4,11.7,11.3
1445806800.0,26.10.2015,11.0,11.3,11.5,11.0
1445893200.0,27.10.2015,10.75,10.8,11.25,10.7
1445979600.0,28.10.2015,10.7,10.85,11.0,10.65
1446152400.0,30.10.2015,10.75,10.75,10.8,10.15
1446411600.0,02.11.2015,11.35,11.15,11.4,11.15
1446498000.0,03.11.2015,11.2,11.5,11.5,11.2
1446584400.0,04.11.2015,11.35,11.3,11.55,11.25
1446670800.0,05.11.2015,11.45,11.4,11.55,11.3
1446757200.0,06.11.2015,11.4,11.5,11.55,11.3
1447016400.0,09.11.2015,11.15,11.3,11.45,11.0
1447102800.0,10.11.2015,11.1,11.15,11.35,11.0
1447189200.0,11.11.2015,11.2,11.05,11.35,11.05
1447275600.0,12.11.2015,11.65,11.1,11.95,11.1
1447362000.0,13.11.2015,11.5,11.65,11.75,11.4
1447621200.0,16.11.2015,11.45,11.45,11.9,11.45
1447707600.0,17.11.2015,11.3,11.55,11.6,11.25
1447794000.0,18.11.2015,11.05,11.3,11.35,11.05
1447880400.0,19.11.2015,11.05,11.05,11.15,10.95
1447966800.0,20.11.2015,11.05,11.2,11.2,11.0
1448226000.0,23.11.2015,11.05,11.05,11.15,10.95
1448312400.0,24.11.2015,10.2,11.1,11.1,10.1
1448398800.0,25.11.2015,10.3,10.3,10.5,10.2
1448485200.0,26.11.2015,10.2,10.3,10.55,10.05
1448571600.0,27.11.2015,10.1,10.2,10.45,9.85
1448830800.0,30.11.2015,10.18,10.15,10.3,10.1
1448917200.0,01.12.2015,10.26,10.2,10.33,10.13
1449003600.0,02.12.2015,10.22,10.26,10.35,10.19
1449090000.0,03.12.2015,10.19,10.27,10.33,10.18
1449176400.0,04.12.2015,9.94,10.2,10.2,9.9
1449435600.0,07.12.2015,9.82,9.98,10.0,9.76
1449522000.0,08.12.2015,9.69,9.82,9.9,9.4
1449608400.0,09.12.2015,9.6,9.82,9.82,9.4
1449694800.0,10.12.2015,9.23,9.62,9.62,9.22
1449781200.0,11.12.2015,8.78,9.23,9.23,8.41
1450040400.0,14.12.2015,8.63,8.8,8.98,8.51
1450126800.0,15.12.2015,8.96,8.78,8.96,8.67
1450213200.0,16.12.2015,8.87,8.9,8.96,8.81
1450299600.0,17.12.2015,9.16,9.08,9.23,8.9
1450386000.0,18.12.2015,9.45,9.16,9.6,9.01
1450645200.0,21.12.2015,9.5,9.59,9.75,9.11
1450731600.0,22.12.2015,9.32,9.38,9.51,9.31
1450818000.0,23.12.2015,9.39,9.35,9.48,9.3
1450904400.0,24.12.2015,9.33,9.39,9.47,9.3
1450990800.0,25.12.2015,9.3,9.38,9.43,9.15
1451250000.0,28.12.2015,9.34,9.3,9.36,9.25
1451336400.0,29.12.2015,9.28,9.41,9.42,9.23
1451422800.0,30.12.2015,9.19,9.26,9.3,9.19
1451509200.0,31.12.2015,9.27,9.02,9.33,9.02
1451854800.0,04.01.2016,8.85,9.23,9.23,8.8
1451941200.0,05.01.2016,9.03,8.85,9.03,8.79
1452027600.0,06.01.2016,8.91,9.0,9.03,8.86
1452114000.0,07.01.2016,8.81,8.9,8.91,8.67
1452200400.0,08.01.2016,8.8,8.81,8.9,8.79
1452459600.0,11.01.2016,8.88,8.8,9.08,8.8
1452546000.0,12.01.2016,8.83,8.9,8.95,8.8
1452632400.0,13.01.2016,8.84,8.88,8.91,8.83
1452718800.0,14.01.2016,8.77,8.88,8.88,8.77
1452805200.0,15.01.2016,8.98,8.89,9.2,8.73
1453064400.0,18.01.2016,9.01,8.9,9.01,8.7
1453150800.0,19.01.2016,9.03,9.02,9.21,8.9
1453237200.0,20.01.2016,8.82,8.97,8.98,8.76
1453323600.0,21.01.2016,8.79,8.82,8.83,8.41
1453410000.0,22.01.2016,8.9,8.82,9.0,8.5
1453669200.0,25.01.2016,8.91,8.89,9.05,8.86
1453755600.0,26.01.2016,9.01,8.9,9.15,8.77
1453842000.0,27.01.2016,9.06,8.98,9.11,8.9
1453928400.0,28.01.2016,8.86,9.06,9.1,8.86
1454014800.0,29.01.2016,9.12,9.0,9.3,8.97
1454274000.0,01.02.2016,9.0,9.2,9.2,9.0
1454360400.0,02.02.2016,9.16,9.07,9.25,9.02
1454446800.0,03.02.2016,9.11,9.17,9.17,9.0
1454533200.0,04.02.2016,9.18,9.1,9.5,9.07
1454619600.0,05.02.2016,9.45,9.2,9.74,9.1
1454878800.0,08.02.2016,9.18,9.45,9.45,9.11
1454965200.0,09.02.2016,9.12,9.1,9.21,8.91
1455051600.0,10.02.2016,9.06,9.12,9.16,9.03
1455138000.0,11.02.2016,8.93,9.06,9.06,8.85
1455224400.0,12.02.2016,8.98,8.94,9.0,8.83
1455483600.0,15.02.2016,8.8,9.0,9.08,8.71
1455570000.0,16.02.2016,8.84,8.93,8.98,8.78
1455656400.0,17.02.2016,8.86,8.88,8.93,8.75
1455742800.0,18.02.2016,8.81,8.85,8.88,8.78
1455829200.0,19.02.2016,8.86,8.81,8.97,8.8
1456088400.0,22.02.2016,8.98,8.89,9.02,8.89
1456174800.0,23.02.2016,9.27,9.02,9.35,8.94
1456261200.0,24.02.2016,9.0,9.27,9.34,8.95
1456347600.0,25.02.2016,9.06,9.02,9.13,8.9
1456434000.0,26.02.2016,9.0,9.08,9.25,8.95
1456693200.0,29.02.2016,9.02,9.0,9.13,8.98
1456779600.0,01.03.2016,9.1,9.05,9.19,9.03
1456866000.0,02.03.2016,9.24,9.18,9.28,9.13
1456952400.0,03.03.2016,9.18,9.26,9.39,9.15
1457038800.0,04.03.2016,9.24,9.22,9.34,9.06
1457298000.0,07.03.2016,9.42,9.22,9.44,9.2
1457384400.0,08.03.2016,9.27,9.4,9.58,9.24
1457470800.0,09.03.2016,9.25,9.25,9.27,9.17
1457557200.0,10.03.2016,9.17,9.24,9.34,9.12
1457643600.0,11.03.2016,9.1,9.27,9.27,9.0
1457902800.0,14.03.2016,9.22,9.1,9.22,8.99
1457989200.0,15.03.2016,9.1,9.23,9.32,9.05
1458075600.0,16.03.2016,9.16,9.1,9.2,9.05
1458162000.0,17.03.2016,9.17,9.16,9.22,9.06
1458248400.0,18.03.2016,9.19,9.19,9.25,9.14
1458507600.0,21.03.2016,9.22,9.16,9.3,9.16
1458594000.0,22.03.2016,9.08,9.22,9.26,9.0
1458680400.0,23.03.2016,9.09,9.08,9.12,9.03
1458766800.0,24.03.2016,9.12,9.06,9.15,8.99
1458853200.0,25.03.2016,9.51,9.11,9.94,9.06
1459112400.0,28.03.2016,9.33,9.55,9.55,9.3
1459198800.0,29.03.2016,9.65,9.44,9.8,9.36
1459285200.0,30.03.2016,9.84,9.74,10.05,9.65
1459371600.0,31.03.2016,9.79,9.86,9.98,9.67
1459458000.0,01.04.2016,9.76,9.76,9.89,9.68
1459717200.0,04.04.2016,9.85,9.9,9.93,9.78
1459803600.0,05.04.2016,9.88,9.86,9.95,9.81
1459890000.0,06.04.2016,9.8,9.87,9.95,9.71
1459976400.0,07.04.2016,9.78,9.82,9.91,9.78
1460062800.0,08.04.2016,9.78,9.82,9.82,9.63
1460322000.0,11.04.2016,9.88,9.66,9.89,9.65
1460408400.0,12.04.2016,9.9,9.89,9.99,9.75
1460494800.0,13.04.2016,10.17,9.92,10.3,9.87
1460581200.0,14.04.2016,10.22,10.24,10.29,10.03
1460667600.0,15.04.2016,9.83,10.03,10.1,9.74
1460926800.0,18.04.2016,9.8,9.88,9.88,9.74
1461013200.0,19.04.2016,9.77,9.83,9.83,9.75
1461099600.0,20.04.2016,9.7,9.77,9.85,9.68
1461186000.0,21.04.2016,9.75,9.73,9.99,9.72
1461272400.0,22.04.2016,9.74,9.75,9.8,9.5
1461531600.0,25.04.2016,9.79,9.75,9.89,9.7
1461618000.0,26.04.2016,9.75,9.83,9.83,9.71
1461704400.0,27.04.2016,9.76,9.75,9.84,9.73
1461790800.0,28.04.2016,9.67,9.8,9.81,9.63
1461877200.0,29.04.2016,9.59,9.63,9.67,9.51
1462136400.0,02.05.2016,9.46,9.64,9.64,9.46
1462222800.0,03.05.2016,9.22,9.46,9.6,9.2
1462309200.0,04.05.2016,9.14,9.26,9.26,9.1
1462395600.0,05.05.2016,9.12,8.8,9.7,8.72
1462482000.0,06.05.2016,9.06,9.1,9.1,8.82
1462741200.0,09.05.2016,9.06,9.0,9.15,9.0
1462827600.0,10.05.2016,9.05,9.05,9.15,9.0
1462914000.0,11.05.2016,9.12,9.09,9.36,9.0
1463000400.0,12.05.2016,9.07,9.16,9.16,9.05
1463086800.0,13.05.2016,8.98,9.06,9.06,8.97
1463346000.0,16.05.2016,8.92,9.1,9.1,8.91
1463432400.0,17.05.2016,8.89,8.95,8.95,8.8
1463518800.0,18.05.2016,8.94,8.82,8.94,8.81
1463691600.0,20.05.2016,8.85,8.94,9.06,8.77
1463950800.0,23.05.2016,9.01,8.94,9.01,8.82
1464037200.0,24.05.2016,9.05,8.9,9.06,8.9
1464123600.0,25.05.2016,9.07,9.06,9.2,9.06
1464210000.0,26.05.2016,9.05,9.05,9.05,8.98
1464296400.0,27.05.2016,9.04,9.02,9.22,9.02
1464555600.0,30.05.2016,9.05,8.92,9.1,8.92
1464642000.0,31.05.2016,8.99,9.05,9.15,8.98
1464728400.0,01.06.2016,9.0,8.98,9.12,8.86
1464814800.0,02.06.2016,8.98,9.06,9.12,8.92
1464901200.0,03.06.2016,8.96,8.94,9.1,8.94
1465160400.0,06.06.2016,9.02,8.99,9.03,8.99
1465246800.0,07.06.2016,9.0,9.05,9.1,8.92
1465333200.0,08.06.2016,9.05,8.97,9.06,8.97
1465419600.0,09.06.2016,8.99,9.07,9.07,8.9
1465506000.0,10.06.2016,8.96,9.04,9.05,8.89
1465765200.0,13.06.2016,8.76,8.9,8.96,8.52
1465851600.0,14.06.2016,8.88,8.76,8.96,8.71
1465938000.0,15.06.2016,8.94,8.75,8.99,8.75
1466024400.0,16.06.2016,8.93,8.95,8.95,8.79
1466110800.0,17.06.2016,8.9,8.93,8.93,8.82
1466370000.0,20.06.2016,8.94,8.9,8.98,8.86
1466456400.0,21.06.2016,8.94,8.95,9.05,8.82
1466542800.0,22.06.2016,8.97,8.88,9.03,8.66
1466629200.0,23.06.2016,8.92,8.91,8.96,8.87
1466715600.0,24.06.2016,8.83,8.4,8.9,8.4
1466974800.0,27.06.2016,8.84,8.81,8.85,8.76
1467061200.0,28.06.2016,8.9,8.87,9.02,8.81
1467147600.0,29.06.2016,8.86,8.86,8.89,8.8
1467234000.0,30.06.2016,8.85,8.86,8.9,8.81
1467320400.0,01.07.2016,8.9,8.9,9.14,8.84
1467579600.0,04.07.2016,8.97,9.01,9.01,8.97
1467925200.0,08.07.2016,8.95,8.84,8.95,8.8
1468184400.0,11.07.2016,8.98,8.96,9.05,8.94
1468270800.0,12.07.2016,9.02,8.97,9.1,8.9
1468357200.0,13.07.2016,9.01,9.02,9.44,9.0
1468443600.0,14.07.2016,9.13,9.05,9.24,9.01
1468530000.0,15.07.2016,9.19,9.13,9.24,9.01
1468789200.0,18.07.2016,8.52,9.0,9.0,8.51
1468875600.0,19.07.2016,8.68,8.62,8.9,8.49
1468962000.0,20.07.2016,8.77,8.68,8.79,8.64
1469048400.0,21.07.2016,8.52,8.72,8.72,8.52
1469134800.0,22.07.2016,8.6,8.58,8.82,8.51
1469394000.0,25.07.2016,8.99,8.62,9.0,8.62
1469480400.0,26.07.2016,8.9,8.98,9.05,8.76
1469566800.0,27.07.2016,8.91,8.9,9.04,8.89
1469653200.0,28.07.2016,9.07,9.0,9.16,8.86
1469739600.0,29.07.2016,8.95,8.87,9.1,8.87
1469998800.0,01.08.2016,9.0,9.01,9.1,8.93
1470085200.0,02.08.2016,8.97,9.0,9.08,8.94
1470171600.0,03.08.2016,8.9,9.01,9.15,8.86
1470258000.0,04.08.2016,8.95,8.93,8.95,8.9
1470344400.0,05.08.2016,9.04,8.95,9.1,8.95
1470603600.0,08.08.2016,9.05,9.06,9.19,9.04
1470690000.0,09.08.2016,9.05,9.05,9.11,9.01
1470776400.0,10.08.2016,9.03,9.04,9.08,9.01
1470862800.0,11.08.2016,9.05,9.06,9.08,9.0
1470949200.0,12.08.2016,9.07,9.11,9.11,9.02
1471208400.0,15.08.2016,9.23,9.07,9.23,9.07
1471294800.0,16.08.2016,9.07,9.25,9.25,9.06
1471381200.0,17.08.2016,9.03,9.07,9.17,8.8
1471467600.0,18.08.2016,9.04,9.06,9.15,8.89
1471554000.0,19.08.2016,8.96,9.07,9.14,8.92
1471813200.0,22.08.2016,8.99,9.02,9.06,8.85
1471899600.0,23.08.2016,8.92,8.93,9.0,8.9
1471986000.0,24.08.2016,8.84,8.84,8.91,8.8
1472072400.0,25.08.2016,8.93,8.85,8.98,8.85
1472158800.0,26.08.2016,8.91,8.94,8.96,8.84
1472418000.0,29.08.2016,8.88,8.93,8.93,8.84
1472590800.0,31.08.2016,8.84,8.9,9.09,8.81
1472677200.0,01.09.2016,8.89,8.9,8.96,8.83
1472763600.0,02.09.2016,8.9,8.89,8.99,8.53
1473022800.0,05.09.2016,8.94,8.9,8.98,8.88
1473109200.0,06.09.2016,8.93,8.96,8.96,8.85
1473195600.0,07.09.2016,9.04,8.94,9.63,8.88
1473282000.0,08.09.2016,9.12,9.01,9.2,8.93
1473368400.0,09.09.2016,9.08,9.1,9.29,9.01
1473973200.0,16.09.2016,8.9,9.09,9.2,8.88
1474232400.0,19.09.2016,8.94,8.97,8.97,8.88
1474318800.0,20.09.2016,8.91,8.98,9.05,8.91
1474405200.0,21.09.2016,8.95,8.91,9.01,8.9
1474491600.0,22.09.2016,9.04,8.96,9.1,8.96
1474578000.0,23.09.2016,9.04,9.01,9.07,9.01
1474837200.0,26.09.2016,8.97,8.8,9.04,8.8
1474923600.0,27.09.2016,8.98,9.0,9.0,8.88
1475010000.0,28.09.2016,8.95,8.98,9.08,8.89
1475096400.0,29.09.2016,8.98,8.96,9.0,8.91
1475182800.0,30.09.2016,8.92,8.91,9.0,8.9
1475442000.0,03.10.2016,9.09,8.99,9.15,8.99
1475528400.0,04.10.2016,9.13,9.12,9.15,9.04
1475614800.0,05.10.2016,9.04,9.11,9.14,9.0
1475701200.0,06.10.2016,9.05,9.04,9.1,9.04
1475787600.0,07.10.2016,9.1,9.02,9.25,8.91
1476046800.0,10.10.2016,9.03,9.11,9.18,9.0
1476133200.0,11.10.2016,9.0,9.03,9.19,8.92
1476219600.0,12.10.2016,9.03,9.0,9.23,8.93
1476306000.0,13.10.2016,8.95,9.0,9.16,8.93
1476392400.0,14.10.2016,8.97,9.02,9.09,8.89
1476651600.0,17.10.2016,8.98,8.93,9.07,8.87
1476738000.0,18.10.2016,8.97,8.97,9.03,8.93
1476824400.0,19.10.2016,9.02,8.97,9.04,8.97
1476910800.0,20.10.2016,9.06,9.04,9.09,9.01
1476997200.0,21.10.2016,9.03,9.09,9.22,9.0
1477256400.0,24.10.2016,9.03,9.09,9.13,9.03
1477342800.0,25.10.2016,9.09,9.04,9.35,9.02
1477429200.0,26.10.2016,9.08,9.15,9.34,9.05
1477515600.0,27.10.2016,9.14,9.1,9.18,9.06
1477602000.0,28.10.2016,9.03,9.1,9.1,9.0
1477861200.0,31.10.2016,9.07,9.04,9.2,9.02
1477947600.0,01.11.2016,9.02,9.09,9.15,9.0
1478034000.0,02.11.2016,9.06,9.01,9.12,9.0
1478120400.0,03.11.2016,9.03,9.07,9.1,9.0
1478206800.0,04.11.2016,8.8,9.03,9.03,8.78
1478466000.0,07.11.2016,8.91,8.98,8.98,8.82
1478552400.0,08.11.2016,8.96,8.92,8.98,8.91
1478638800.0,09.11.2016,8.96,8.86,9.01,8.8
1478725200.0,10.11.2016,9.0,8.91,9.06,8.91
1478811600.0,11.11.2016,9.03,9.0,9.05,8.93
1479070800.0,14.11.2016,8.92,9.04,9.04,8.92
1479157200.0,15.11.2016,8.94,8.96,8.98,8.8
1479243600.0,16.11.2016,8.95,8.95,8.97,8.87
1479330000.0,17.11.2016,8.92,8.95,8.95,8.87
1479416400.0,18.11.2016,9.02,8.94,9.02,8.88
1479675600.0,21.11.2016,8.99,9.02,9.11,8.9
1479762000.0,22.11.2016,8.91,8.91,8.98,8.88
1479848400.0,23.11.2016,8.94,8.94,8.97,8.87
1479934800.0,24.11.2016,8.85,8.88,8.96,8.74
1480021200.0,25.11.2016,8.8,8.81,8.86,8.73
1480280400.0,28.11.2016,8.86,8.85,8.89,8.85
1480366800.0,29.11.2016,8.77,8.89,8.89,8.7
1480453200.0,30.11.2016,8.68,8.78,8.9,8.68
1480539600.0,01.12.2016,8.54,8.68,8.68,8.42
1480626000.0,02.12.2016,8.54,8.54,8.54,8.47
1480885200.0,05.12.2016,8.48,8.5,8.55,8.48
1480971600.0,06.12.2016,8.6,8.5,8.6,8.5
1481058000.0,07.12.2016,8.52,8.6,8.68,8.5
1481144400.0,08.12.2016,8.51,8.52,8.66,8.51
1481230800.0,09.12.2016,8.55,8.51,8.59,8.48
1481490000.0,12.12.2016,8.55,8.55,8.55,8.42
1481576400.0,13.12.2016,8.55,8.56,8.61,8.51
1481662800.0,14.12.2016,8.57,8.56,8.6,8.52
1481749200.0,15.12.2016,8.61,8.55,8.62,8.54
1481835600.0,16.12.2016,8.62,8.63,8.7,8.41
1482094800.0,19.12.2016,8.55,8.53,8.64,8.5
1482181200.0,20.12.2016,8.61,8.55,8.66,8.52
1482267600.0,21.12.2016,8.71,8.64,8.74,8.59
1482354000.0,22.12.2016,8.75,8.71,8.87,8.63
1482440400.0,23.12.2016,8.77,8.77,8.8,8.7
1482699600.0,26.12.2016,8.92,8.74,8.93,8.67
1482786000.0,27.12.2016,8.88,8.9,9.0,8.87
1482872400.0,28.12.2016,8.94,8.87,9.03,8.85
1482958800.0,29.12.2016,8.94,8.96,9.13,8.9
1483045200.0,30.12.2016,8.95,9.23,9.23,8.87
1483304400.0,02.01.2017,9.02,9.0,9.12,8.88
1483390800.0,03.01.2017,8.97,9.02,9.1,8.91
1483477200.0,04.01.2017,8.98,8.99,9.07,8.98
1483563600.0,05.01.2017,9.07,9.1,9.1,8.98
1483650000.0,06.01.2017,9.03,9.0,9.06,9.0
1483909200.0,09.01.2017,9.01,9.04,9.15,9.0
1483995600.0,10.01.2017,9.03,9.01,9.09,9.0
1484082000.0,11.01.2017,9.05,9.11,9.14,8.99
1484168400.0,12.01.2017,9.23,9.14,9.3,9.02
1484254800.0,13.01.2017,9.38,9.24,9.38,9.19
1484514000.0,16.01.2017,9.67,9.45,9.67,9.45
1484600400.0,17.01.2017,9.62,9.67,9.78,9.55
1484686800.0,18.01.2017,9.71,9.43,9.84,9.43
1484773200.0,19.01.2017,9.77,9.75,9.83,9.72
1484859600.0,20.01.2017,9.95,9.83,9.95,9.75
1485118800.0,23.01.2017,10.18,10.0,10.43,9.98
1485205200.0,24.01.2017,9.98,10.19,10.2,9.74
1485291600.0,25.01.2017,9.88,9.98,10.03,9.71
1485378000.0,26.01.2017,9.91,9.87,9.97,9.79
1485464400.0,27.01.2017,9.8,9.81,9.89,9.79
1485723600.0,30.01.2017,9.8,9.7,9.84,9.7
1485810000.0,31.01.2017,9.84,9.8,9.86,9.78
1485896400.0,01.02.2017,9.84,9.85,9.85,9.78
1485982800.0,02.02.2017,9.9,9.85,9.9,9.8
1486069200.0,03.02.2017,9.91,9.92,10.0,9.8
1486328400.0,06.02.2017,9.89,9.91,10.15,9.71
1486414800.0,07.02.2017,9.97,9.82,10.0,9.82
1486501200.0,08.02.2017,10.0,9.85,10.03,9.85
1486587600.0,09.02.2017,10.0,10.05,10.1,9.9
1486674000.0,10.02.2017,9.92,10.0,10.1,9.9
1486933200.0,13.02.2017,9.89,9.92,9.99,9.88
1487019600.0,14.02.2017,9.79,9.89,9.95,9.46
1487106000.0,15.02.2017,10.03,9.85,10.46,9.79
1487192400.0,16.02.2017,12.03,10.2,12.03,10.05
1487278800.0,17.02.2017,13.04,12.8,13.83,12.5
1487538000.0,20.02.2017,12.2,12.94,12.99,12.04
1487624400.0,21.02.2017,12.0,12.24,12.7,11.94
1487710800.0,22.02.2017,11.7,11.99,11.99,11.68
1487797200.0,23.02.2017,11.56,11.76,11.78,11.49
1487883600.0,24.02.2017,11.45,11.6,12.0,11.4
1488142800.0,27.02.2017,11.32,11.42,11.62,11.22
1488229200.0,28.02.2017,11.15,11.48,11.48,11.14
1488315600.0,01.03.2017,11.2,11.21,11.5,11.15
1488402000.0,02.03.2017,10.97,11.22,11.26,10.89
1488488400.0,03.03.2017,10.3,10.77,10.77,10.03
1488747600.0,06.03.2017,11.1,10.38,11.78,10.27
1488834000.0,07.03.2017,10.95,11.1,11.3,10.63
1488920400.0,08.03.2017,12.48,10.81,12.49,10.7
1489006800.0,09.03.2017,12.52,12.4,13.47,11.45
1489093200.0,10.03.2017,12.05,12.61,13.2,12.0
1489352400.0,13.03.2017,12.4,12.04,12.5,11.36
1489438800.0,14.03.2017,12.32,12.42,13.11,12.17
1489525200.0,15.03.2017,13.7,12.33,14.78,12.33
1489611600.0,16.03.2017,11.92,13.7,13.9,11.73
1489698000.0,17.03.2017,11.4,11.91,11.91,10.91
1489957200.0,20.03.2017,11.52,11.38,11.99,11.15
1490043600.0,21.03.2017,11.55,11.54,11.74,11.39
1490130000.0,22.03.2017,11.18,11.49,11.58,11.0
1490216400.0,23.03.2017,11.08,11.38,11.38,11.02
1490302800.0,24.03.2017,11.08,11.15,11.15,11.02
1490562000.0,27.03.2017,11.15,11.1,11.44,11.09
1490648400.0,28.03.2017,11.23,11.25,11.48,11.11
1490734800.0,29.03.2017,11.0,11.17,11.17,10.99
1490821200.0,30.03.2017,11.05,11.06,11.12,11.02
1490907600.0,31.03.2017,11.02,11.05,11.12,11.01
1491166800.0,03.04.2017,11.0,11.1,11.12,10.94
1491253200.0,04.04.2017,10.96,11.0,11.04,10.91
1491339600.0,05.04.2017,11.06,10.92,11.29,10.88
1491426000.0,06.04.2017,10.98,11.1,11.13,10.97
1491512400.0,07.04.2017,10.83,10.67,11.0,10.67
1491771600.0,10.04.2017,10.9,10.87,10.99,10.86
1491858000.0,11.04.2017,10.85,10.95,10.99,10.82
1491944400.0,12.04.2017,10.8,10.83,11.03,10.76
1492030800.0,13.04.2017,10.59,10.83,10.86,10.59
1492117200.0,14.04.2017,10.54,10.59,10.6,10.53
1492376400.0,17.04.2017,10.63,10.7,10.7,10.6
1492462800.0,18.04.2017,10.66,10.68,10.72,10.59
1492549200.0,19.04.2017,10.53,10.69,10.69,10.49
1492635600.0,20.04.2017,10.61,10.55,10.65,10.54
1492722000.0,21.04.2017,10.58,10.65,10.66,10.57
1492981200.0,24.04.2017,10.62,10.6,10.65,10.58
1493067600.0,25.04.2017,10.59,10.64,10.68,10.59
1493154000.0,26.04.2017,11.32,10.64,12.38,10.56
1493240400.0,27.04.2017,11.44,11.34,12.18,11.31
1493326800.0,28.04.2017,11.55,11.51,11.92,11.28
1493672400.0,02.05.2017,11.42,11.57,11.79,11.3
1493758800.0,03.05.2017,11.4,11.42,11.64,11.14
1493845200.0,04.05.2017,11.2,11.5,11.5,11.11
1493931600.0,05.05.2017,10.78,11.0,11.0,10.7
1494190800.0,08.05.2017,10.81,10.82,11.0,10.7
1494277200.0,09.05.2017,11.1,10.84,11.64,10.8
1494363600.0,10.05.2017,10.94,11.1,11.13,10.94
1494450000.0,11.05.2017,10.88,11.0,11.0,10.81
1494536400.0,12.05.2017,10.82,10.86,10.93,10.75
1494795600.0,15.05.2017,10.8,10.84,10.95,10.77
1494882000.0,16.05.2017,10.83,10.8,10.87,10.8
1494968400.0,17.05.2017,10.81,10.83,10.92,10.78
1495054800.0,18.05.2017,10.82,10.8,11.0,10.77
1495400400.0,22.05.2017,10.87,10.91,10.98,10.82
1495486800.0,23.05.2017,10.95,10.91,11.2,10.89
1495573200.0,24.05.2017,10.98,11.18,11.31,10.94
1495659600.0,25.05.2017,10.98,10.98,11.06,10.92
1495746000.0,26.05.2017,10.98,11.05,11.1,10.93
1496005200.0,29.05.2017,11.03,10.93,11.09,10.93
1496091600.0,30.05.2017,10.93,11.1,11.1,10.91
1496178000.0,31.05.2017,10.93,10.95,11.0,10.92
1496264400.0,01.06.2017,10.97,10.95,11.2,10.91
1496350800.0,02.06.2017,11.19,11.0,11.46,11.0
1496610000.0,05.06.2017,11.15,11.28,11.41,11.15
1496696400.0,06.06.2017,11.02,11.25,11.25,11.0
1496782800.0,07.06.2017,10.92,11.0,11.04,10.9
1496869200.0,08.06.2017,11.05,10.97,11.2,10.92
1496955600.0,09.06.2017,11.14,11.1,11.15,11.03
1497214800.0,12.06.2017,11.13,11.14,11.18,11.09
1497301200.0,13.06.2017,11.11,11.19,11.35,11.09
1497387600.0,14.06.2017,11.17,11.17,11.33,11.15
1497474000.0,15.06.2017,11.16,11.21,11.21,11.12
1497560400.0,16.06.2017,11.13,11.16,11.23,11.11
1497819600.0,19.06.2017,11.5,11.17,12.23,11.13
1497906000.0,20.06.2017,11.45,11.5,11.73,11.31
1497992400.0,21.06.2017,11.5,11.48,11.5,11.2
1498078800.0,22.06.2017,11.44,11.5,11.5,11.35
1498165200.0,23.06.2017,11.38,11.42,11.48,11.31
1498597200.0,28.06.2017,11.49,11.3,11.6,11.0
1498683600.0,29.06.2017,11.36,11.49,11.5,11.36
1498770000.0,30.06.2017,11.25,11.36,11.44,11.18
1499029200.0,03.07.2017,11.2,11.25,11.35,11.15
1499115600.0,04.07.2017,11.2,11.28,11.42,11.16
1499202000.0,05.07.2017,11.15,11.23,11.37,11.15
1499288400.0,06.07.2017,11.15,11.16,11.2,11.06
1499374800.0,07.07.2017,11.13,11.12,11.17,11.08
1499634000.0,10.07.2017,11.12,11.13,11.19,11.05
1499720400.0,11.07.2017,11.18,11.16,11.18,11.09
1499806800.0,12.07.2017,11.25,11.17,11.31,11.15
1499893200.0,13.07.2017,11.25,11.28,11.29,11.19
1499979600.0,14.07.2017,11.34,10.99,11.5,10.99
1500238800.0,17.07.2017,12.68,11.39,12.68,11.28
1500325200.0,18.07.2017,14.83,12.68,15.21,12.2
1500411600.0,19.07.2017,16.11,14.88,17.29,13.7
1500498000.0,20.07.2017,14.05,16.42,17.4,13.96
1500584400.0,21.07.2017,14.4,14.31,14.6,13.58
1500843600.0,24.07.2017,13.17,14.5,14.57,13.15
1500930000.0,25.07.2017,13.01,13.21,13.39,12.9
1501016400.0,26.07.2017,12.97,13.05,13.2,12.9
1501102800.0,27.07.2017,12.97,13.03,13.06,12.92
1501189200.0,28.07.2017,12.77,12.98,12.98,12.73
1501448400.0,31.07.2017,12.86,12.8,12.99,12.78
1501534800.0,01.08.2017,13.11,12.95,13.48,12.94
1501621200.0,02.08.2017,12.99,13.16,13.24,12.98
1501707600.0,03.08.2017,12.9,13.0,13.04,12.5
1501794000.0,04.08.2017,13.04,12.9,13.48,12.9
1502053200.0,07.08.2017,13.28,13.08,13.35,13.08
1502139600.0,08.08.2017,13.16,13.32,13.32,13.11
1502226000.0,09.08.2017,13.1,13.2,13.22,13.0
1502312400.0,10.08.2017,13.19,13.05,13.2,13.05
1502398800.0,11.08.2017,13.02,13.15,13.2,13.02
1502658000.0,14.08.2017,13.04,13.04,13.2,12.97
1502744400.0,15.08.2017,13.79,13.3,13.83,12.8
1502830800.0,16.08.2017,13.5,13.79,15.5,13.1
1502917200.0,17.08.2017,13.29,13.59,13.75,13.15
1503003600.0,18.08.2017,12.96,13.29,13.43,12.85
1503262800.0,21.08.2017,12.97,12.9,13.5,12.58
1503349200.0,22.08.2017,12.84,12.97,13.2,12.75
1503435600.0,23.08.2017,12.82,12.71,13.01,12.71
1503522000.0,24.08.2017,12.79,12.9,12.92,12.76
1503608400.0,25.08.2017,12.71,12.79,13.01,12.71
1503867600.0,28.08.2017,12.72,12.76,13.2,12.5
1503954000.0,29.08.2017,12.66,12.72,12.81,12.64
1504126800.0,31.08.2017,12.81,12.69,12.81,12.55
1504558800.0,05.09.2017,12.57,12.57,12.82,12.55
1504645200.0,06.09.2017,12.56,12.62,12.72,12.5
1504731600.0,07.09.2017,12.55,12.55,12.61,12.48
1504818000.0,08.09.2017,12.47,12.55,12.61,12.39
1505077200.0,11.09.2017,12.58,12.5,12.7,12.3
1505163600.0,12.09.2017,12.47,12.43,12.84,12.41
1505250000.0,13.09.2017,12.57,12.51,13.24,12.45
1505336400.0,14.09.2017,12.5,12.53,12.64,12.48
1505422800.0,15.09.2017,12.56,12.44,12.71,12.43
1505682000.0,18.09.2017,12.46,12.56,12.6,12.44
1505768400.0,19.09.2017,12.0,12.48,12.5,11.77
1505854800.0,20.09.2017,12.0,11.86,12.13,11.86
1505941200.0,21.09.2017,11.74,11.92,11.97,11.6
1506027600.0,22.09.2017,11.8,11.75,11.83,11.5
1506286800.0,25.09.2017,11.36,11.8,11.8,11.2
1506373200.0,26.09.2017,11.62,11.42,11.69,11.11
1506459600.0,27.09.2017,11.65,11.45,11.65,11.26
1506546000.0,28.09.2017,11.77,11.65,11.77,11.42
1506632400.0,29.09.2017,12.0,11.77,12.0,11.6
1506891600.0,02.10.2017,12.04,12.0,12.05,11.78
1506978000.0,03.10.2017,11.96,12.04,12.13,11.85
1507064400.0,04.10.2017,12.08,11.75,12.17,11.75
1507150800.0,05.10.2017,12.01,12.12,12.2,11.96
1507237200.0,06.10.2017,12.0,12.0,12.04,11.84
1507496400.0,09.10.2017,12.09,11.78,12.09,11.05
1507582800.0,10.10.2017,12.22,12.24,12.61,12.1
1507669200.0,11.10.2017,12.27,12.35,12.6,12.16
1507755600.0,12.10.2017,12.31,12.47,12.48,12.25
1507842000.0,13.10.2017,12.24,12.34,12.34,12.1
1508101200.0,16.10.2017,12.77,12.3,12.81,12.2
1508187600.0,17.10.2017,12.95,12.84,13.43,12.65
1508274000.0,18.10.2017,13.53,12.97,14.19,12.8
1508360400.0,19.10.2017,12.71,13.7,14.06,12.69
1508446800.0,20.10.2017,12.53,12.71,12.75,12.25
1508706000.0,23.10.2017,12.43,12.53,12.55,12.4
1508792400.0,24.10.2017,12.42,12.53,12.53,12.41
1508878800.0,25.10.2017,12.51,12.31,12.69,12.31
1508965200.0,26.10.2017,12.5,12.51,12.64,12.49
1509051600.0,27.10.2017,12.5,12.52,12.66,12.4
1509310800.0,30.10.2017,12.75,12.5,12.79,12.5
1509397200.0,31.10.2017,12.63,12.75,12.79,12.57
1509483600.0,01.11.2017,12.66,12.73,12.73,12.5
1509570000.0,02.11.2017,12.68,12.72,12.72,12.61
1509656400.0,03.11.2017,12.68,12.67,12.7,12.53
1509915600.0,06.11.2017,12.57,12.68,12.77,12.5
1510002000.0,07.11.2017,12.76,12.7,13.7,12.62
1510088400.0,08.11.2017,12.81,12.8,13.1,12.53
1510174800.0,09.11.2017,12.32,12.86,14.06,12.32
1510261200.0,10.11.2017,12.26,12.4,12.4,12.1
1510520400.0,13.11.2017,12.17,12.39,12.39,12.07
1510606800.0,14.11.2017,11.94,12.15,12.6,11.8
1510693200.0,15.11.2017,11.67,11.95,11.95,11.6
1510779600.0,16.11.2017,11.55,11.67,11.84,11.55
1510866000.0,17.11.2017,11.23,11.7,11.7,11.22
1511125200.0,20.11.2017,11.0,11.28,11.28,10.97
1511211600.0,21.11.2017,11.11,11.07,11.21,11.04
1511298000.0,22.11.2017,11.3,11.15,11.38,10.99
1511384400.0,23.11.2017,11.12,11.5,11.54,10.35
1511470800.0,24.11.2017,11.14,11.12,11.18,11.0
1511730000.0,27.11.2017,11.14,11.14,11.18,11.07
1511816400.0,28.11.2017,10.85,11.17,11.25,10.36
1511902800.0,29.11.2017,10.8,10.93,11.25,10.45
1511989200.0,30.11.2017,10.87,10.88,10.89,10.77
1512075600.0,01.12.2017,10.8,10.64,10.84,10.64
1512334800.0,04.12.2017,10.92,10.81,11.0,10.79
1512421200.0,05.12.2017,11.08,10.99,11.15,10.98
1512507600.0,06.12.2017,10.91,11.12,11.12,10.9
1512594000.0,07.12.2017,10.84,11.0,11.0,10.76
1512680400.0,08.12.2017,10.95,10.9,11.05,10.86
1512939600.0,11.12.2017,11.2,11.08,11.37,10.85
1513026000.0,12.12.2017,11.15,11.33,11.33,11.02
1513112400.0,13.12.2017,11.1,11.15,11.19,11.04
1513198800.0,14.12.2017,11.13,11.1,11.17,11.02
1513285200.0,15.12.2017,11.4,11.1,11.56,11.1
1513544400.0,18.12.2017,11.34,11.45,11.63,11.34
1513630800.0,19.12.2017,11.36,11.4,11.42,11.32
1513717200.0,20.12.2017,11.53,11.4,11.78,11.31
1513803600.0,21.12.2017,11.53,11.53,11.7,11.5
1513890000.0,22.12.2017,11.49,11.69,11.69,11.47
1514149200.0,25.12.2017,11.63,11.49,11.72,11.49
1514235600.0,26.12.2017,11.64,11.75,11.75,11.58
1514322000.0,27.12.2017,11.5,11.5,11.56,11.46
1514408400.0,28.12.2017,11.41,11.4,11.57,11.4
1514494800.0,29.12.2017,11.59,11.41,11.6,11.41
1514840400.0,02.01.2018,11.7,11.51,11.74,11.51
1514926800.0,03.01.2018,11.84,11.76,12.03,11.72
1515013200.0,04.01.2018,11.89,11.55,11.95,11.55
1515099600.0,05.01.2018,12.2,11.92,12.2,11.91
1515358800.0,08.01.2018,12.19,12.26,12.4,12.19
1515445200.0,09.01.2018,12.38,12.2,12.38,12.05
1515531600.0,10.01.2018,12.6,12.35,12.84,12.22
1515618000.0,11.01.2018,12.43,12.65,12.79,12.4
1515704400.0,12.01.2018,12.43,12.45,12.62,12.4
1515963600.0,15.01.2018,12.43,12.53,14.3,12.36
1516050000.0,16.01.2018,12.31,12.43,12.78,12.01
1516136400.0,17.01.2018,12.65,12.31,13.24,12.21
1516222800.0,18.01.2018,12.45,12.66,12.76,12.29
1516309200.0,19.01.2018,12.43,12.45,12.96,12.41
1516568400.0,22.01.2018,12.82,12.3,13.2,12.3
1516654800.0,23.01.2018,12.79,13.13,13.17,12.73
1516741200.0,24.01.2018,12.64,12.79,12.96,12.59
1516827600.0,25.01.2018,12.54,12.63,12.88,12.42
1516914000.0,26.01.2018,12.67,12.7,12.78,12.52
1517173200.0,29.01.2018,13.22,12.67,13.31,12.63
1517259600.0,30.01.2018,13.22,13.25,13.74,13.16
1517346000.0,31.01.2018,13.3,13.22,13.52,13.0
1517432400.0,01.02.2018,13.5,13.35,13.7,13.25
1517518800.0,02.02.2018,13.55,13.5,14.2,13.42
1517778000.0,05.02.2018,13.75,13.68,13.83,13.46
1517864400.0,06.02.2018,13.49,13.5,13.74,13.26
1517950800.0,07.02.2018,13.51,13.6,13.86,13.51
1518037200.0,08.02.2018,13.61,13.7,14.09,13.35
1518123600.0,09.02.2018,13.53,13.2,14.24,13.2
1518382800.0,12.02.2018,13.3,13.65,13.71,13.29
1518469200.0,13.02.2018,13.08,13.4,13.44,12.9
1518555600.0,14.02.2018,12.8,13.05,13.28,12.8
1518642000.0,15.02.2018,12.72,12.84,12.96,12.58
1518728400.0,16.02.2018,13.04,12.99,13.75,12.81
1518987600.0,19.02.2018,13.17,13.04,13.28,12.83
1519074000.0,20.02.2018,12.7,13.17,13.48,12.7
1519160400.0,21.02.2018,12.98,12.75,13.2,12.75
1519246800.0,22.02.2018,13.03,12.98,13.35,12.85
1519333200.0,23.02.2018,13.06,12.92,13.15,12.92
1519592400.0,26.02.2018,13.0,13.06,13.3,12.8
1519678800.0,27.02.2018,12.99,13.0,13.2,12.93
1519765200.0,28.02.2018,12.97,12.99,13.15,12.91
1519851600.0,01.03.2018,13.0,13.05,13.08,12.91
1519938000.0,02.03.2018,12.93,12.95,13.15,12.8
1520197200.0,05.03.2018,12.98,12.95,13.13,12.83
1520283600.0,06.03.2018,12.92,12.85,13.12,12.7
1520370000.0,07.03.2018,13.09,12.99,13.09,12.82
1520456400.0,08.03.2018,12.9,13.09,13.3,12.9
1520542800.0,09.03.2018,13.05,12.91,13.15,12.91
1520802000.0,12.03.2018,13.08,13.07,13.2,12.97
1520888400.0,13.03.2018,13.15,13.1,13.4,13.0
1520974800.0,14.03.2018,13.04,13.12,13.36,12.97
1521061200.0,15.03.2018,12.97,13.04,13.12,12.89
1521147600.0,16.03.2018,12.9,13.07,13.07,12.84
1521406800.0,19.03.2018,12.67,12.97,13.0,12.65
1521493200.0,20.03.2018,12.65,12.75,12.84,12.58
1521579600.0,21.03.2018,12.6,12.65,12.72,12.49
1521666000.0,22.03.2018,12.55,12.6,12.6,12.44
1521752400.0,23.03.2018,12.44,12.53,12.53,12.31
1522011600.0,26.03.2018,12.38,12.45,12.45,12.28
1522098000.0,27.03.2018,12.14,12.43,12.45,12.14
1522184400.0,28.03.2018,11.95,12.14,12.29,11.86
1522270800.0,29.03.2018,11.94,12.02,12.11,11.85
1522357200.0,30.03.2018,11.79,12.04,12.04,11.69
1522616400.0,02.04.2018,11.79,11.79,11.9,11.74
1522702800.0,03.04.2018,11.75,11.81,11.88,11.72
1522789200.0,04.04.2018,11.75,11.8,11.8,11.68
1522875600.0,05.04.2018,11.74,11.77,11.84,11.69
1522962000.0,06.04.2018,11.75,11.77,11.79,11.69
1523221200.0,09.04.2018,11.68,11.78,11.78,11.61
1523307600.0,10.04.2018,11.3,11.72,11.75,11.2
1523394000.0,11.04.2018,10.95,11.2,11.45,10.52
1523480400.0,12.04.2018,10.95,10.95,11.03,10.79
1523566800.0,13.04.2018,10.92,10.96,11.01,10.87
1523826000.0,16.04.2018,11.2,10.85,11.23,10.85
1523912400.0,17.04.2018,10.9,11.25,11.35,10.9
1523998800.0,18.04.2018,11.02,10.9,11.13,10.8
1524085200.0,19.04.2018,11.08,11.05,11.15,11.0
1524171600.0,20.04.2018,11.16,11.08,11.35,11.01
1524517200.0,24.04.2018,11.07,11.15,11.16,11.05
1524603600.0,25.04.2018,10.99,11.07,11.29,10.91
1524690000.0,26.04.2018,10.98,10.92,11.05,10.71
1524776400.0,27.04.2018,10.9,10.98,11.2,10.84
1525035600.0,30.04.2018,10.9,10.96,11.11,10.6
1525208400.0,02.05.2018,10.99,10.92,11.07,10.3
1525294800.0,03.05.2018,10.88,10.99,11.01,10.75
1525381200.0,04.05.2018,10.68,10.8,10.83,10.57
1525640400.0,07.05.2018,10.66,10.69,10.82,10.66
1525726800.0,08.05.2018,10.32,10.79,10.9,10.22
1525813200.0,09.05.2018,10.13,10.3,10.32,9.92
1525899600.0,10.05.2018,10.1,10.07,10.15,9.95
1525986000.0,11.05.2018,10.05,10.11,10.16,10.02
1526245200.0,14.05.2018,10.03,10.17,10.17,10.01
1526331600.0,15.05.2018,9.76,9.9,9.98,9.76
1526418000.0,16.05.2018,9.5,9.6,9.78,9.5
1526504400.0,17.05.2018,9.48,9.53,9.65,9.42
1526590800.0,18.05.2018,9.4,9.55,9.57,9.06
1526850000.0,21.05.2018,9.42,9.2,9.6,9.2
1526936400.0,22.05.2018,9.42,9.43,9.53,9.16
1527022800.0,23.05.2018,9.21,9.35,9.37,9.21
1527109200.0,24.05.2018,9.0,9.28,9.3,8.97
1527195600.0,25.05.2018,8.92,8.92,9.07,8.79
1527454800.0,28.05.2018,9.18,8.98,9.25,8.97
1527541200.0,29.05.2018,9.12,9.18,9.18,9.0
1527627600.0,30.05.2018,9.2,9.08,9.35,9.06
1527714000.0,31.05.2018,9.21,9.2,9.4,9.15
1527800400.0,01.06.2018,9.14,9.21,9.32,9.0
1528059600.0,04.06.2018,9.16,9.28,9.28,9.06
1528146000.0,05.06.2018,9.11,9.2,9.32,9.09
1528232400.0,06.06.2018,8.96,9.11,9.11,8.34
1528318800.0,07.06.2018,9.15,9.0,9.2,8.81
1528405200.0,08.06.2018,8.89,9.05,9.17,8.89
1528664400.0,11.06.2018,8.9,8.89,9.07,8.8
1528750800.0,12.06.2018,8.99,8.9,9.02,8.87
1528837200.0,13.06.2018,8.88,8.99,9.12,8.8
1528923600.0,14.06.2018,8.93,8.94,8.94,8.91
1529269200.0,18.06.2018,8.96,8.86,9.2,8.64
1529355600.0,19.06.2018,9.0,8.94,9.04,8.88
1529442000.0,20.06.2018,9.0,8.96,9.01,8.92
1529528400.0,21.06.2018,9.08,8.95,9.22,8.95
1529614800.0,22.06.2018,9.07,9.08,9.14,9.04
1529874000.0,25.06.2018,9.01,9.3,9.3,8.97
1529960400.0,26.06.2018,9.03,9.0,9.14,9.0
1530046800.0,27.06.2018,9.13,9.03,9.14,9.03
1530133200.0,28.06.2018,9.22,9.14,9.33,9.11
1530219600.0,29.06.2018,9.31,9.29,9.42,9.25
1530478800.0,02.07.2018,9.57,9.38,9.65,9.35
1530565200.0,03.07.2018,9.47,9.6,10.16,9.42
1530651600.0,04.07.2018,9.46,9.52,9.52,9.31
1530738000.0,05.07.2018,9.57,9.45,9.6,9.45
1530824400.0,06.07.2018,9.49,9.57,9.6,9.47
1531083600.0,09.07.2018,9.47,9.53,9.55,9.44
1531170000.0,10.07.2018,9.16,9.42,9.5,9.16
1531256400.0,11.07.2018,8.81,9.16,9.45,8.77
1531342800.0,12.07.2018,8.67,8.91,9.09,8.64
1531429200.0,13.07.2018,8.73,8.7,8.91,8.69
1531688400.0,16.07.2018,8.69,8.83,8.89,8.69
1531774800.0,17.07.2018,8.97,8.73,8.97,8.62
1531861200.0,18.07.2018,8.84,8.97,9.03,8.71
1531947600.0,19.07.2018,8.99,8.89,9.08,8.85
1532034000.0,20.07.2018,9.1,9.05,9.13,8.98
1532293200.0,23.07.2018,9.18,9.29,9.29,9.02
1532379600.0,24.07.2018,8.99,9.12,9.12,8.9
1532466000.0,25.07.2018,9.23,9.0,9.26,9.0
1532552400.0,26.07.2018,9.21,9.23,9.39,9.2
1532638800.0,27.07.2018,9.2,9.31,9.32,9.2
1532898000.0,30.07.2018,9.2,9.31,9.31,9.18
1532984400.0,31.07.2018,9.47,9.29,9.48,9.2
1533070800.0,01.08.2018,9.4,9.47,9.51,9.38
1533157200.0,02.08.2018,9.23,9.22,9.23,9.1
1533243600.0,03.08.2018,9.25,9.27,9.34,9.16
1533502800.0,06.08.2018,9.1,9.29,9.29,9.0
1533589200.0,07.08.2018,9.12,9.12,9.12,9.05
1533675600.0,08.08.2018,9.14,9.12,9.19,9.07
1533762000.0,09.08.2018,9.15,9.05,9.25,9.05
1533848400.0,10.08.2018,8.79,9.05,9.12,8.3
1534107600.0,13.08.2018,8.04,8.2,8.76,7.53
1534194000.0,14.08.2018,8.32,8.24,8.39,8.13
1534280400.0,15.08.2018,8.23,8.38,8.38,8.15
1534366800.0,16.08.2018,8.4,8.49,8.49,8.1
1534453200.0,17.08.2018,8.41,8.48,8.48,8.16
1534712400.0,20.08.2018,8.4,8.41,8.52,8.4
1535317200.0,27.08.2018,8.62,8.47,8.62,8.01
1535403600.0,28.08.2018,8.72,8.75,8.77,8.61
1535490000.0,29.08.2018,9.0,8.72,9.39,8.72
1535662800.0,31.08.2018,8.83,8.98,9.18,8.77
1535922000.0,03.09.2018,9.0,8.84,9.04,8.81
1536008400.0,04.09.2018,8.79,8.82,9.07,8.7
1536094800.0,05.09.2018,8.6,8.89,8.89,8.57
1536181200.0,06.09.2018,8.5,8.65,8.69,8.5
1536267600.0,07.09.2018,8.53,8.5,9.0,8.5
1536526800.0,10.09.2018,8.4,8.53,8.59,8.4
1536613200.0,11.09.2018,8.54,8.5,8.89,8.26
1536699600.0,12.09.2018,8.44,8.68,8.68,8.22
1536786000.0,13.09.2018,8.5,8.41,8.55,8.35
1536872400.0,14.09.2018,8.51,8.55,8.63,8.47
1537131600.0,17.09.2018,8.53,8.59,8.66,8.35
1537218000.0,18.09.2018,8.48,8.64,8.64,8.42
1537304400.0,19.09.2018,8.52,8.5,8.54,8.44
1537390800.0,20.09.2018,8.42,8.5,8.53,8.4
1537477200.0,21.09.2018,8.45,8.43,8.48,8.35
1537736400.0,24.09.2018,8.49,8.45,8.55,8.44
1537822800.0,25.09.2018,8.5,8.49,8.6,8.4
1537909200.0,26.09.2018,8.33,8.45,8.5,8.3
1537995600.0,27.09.2018,8.34,8.35,8.41,8.3
1538082000.0,28.09.2018,8.32,8.35,8.35,8.27
1538341200.0,01.10.2018,8.32,8.32,8.38,8.27
1538427600.0,02.10.2018,8.28,8.3,8.33,8.21
1538514000.0,03.10.2018,8.08,8.28,8.28,8.03
1538600400.0,04.10.2018,7.82,8.08,8.09,7.82
1538686800.0,05.10.2018,7.8,7.87,7.87,7.7
1538946000.0,08.10.2018,7.9,7.8,7.92,7.74
1539032400.0,09.10.2018,8.29,7.9,8.59,7.82
1539118800.0,10.10.2018,9.0,8.39,9.0,8.31
1539205200.0,11.10.2018,8.73,9.02,9.25,8.49
1539291600.0,12.10.2018,8.55,8.89,8.89,8.5
1539550800.0,15.10.2018,8.78,8.55,8.79,8.02
1539637200.0,16.10.2018,8.65,8.77,8.77,8.6
1539723600.0,17.10.2018,8.55,8.47,8.74,8.47
1539810000.0,18.10.2018,8.39,8.6,8.66,8.37
1539896400.0,19.10.2018,8.2,8.42,8.43,8.19
1540155600.0,22.10.2018,7.85,8.29,8.29,7.85
1540242000.0,23.10.2018,7.63,7.86,7.94,7.6
1540328400.0,24.10.2018,7.75,7.67,7.97,7.67
1540414800.0,25.10.2018,7.88,7.72,8.0,7.5
1540501200.0,26.10.2018,7.81,7.99,7.99,7.7
1540846800.0,30.10.2018,7.73,7.72,7.96,7.55
1540933200.0,31.10.2018,7.6,7.87,7.99,7.56
1541019600.0,01.11.2018,7.73,7.79,7.79,7.51
1541106000.0,02.11.2018,7.76,7.73,7.78,7.66
1541365200.0,05.11.2018,7.82,7.76,7.85,7.72
1541451600.0,06.11.2018,7.74,7.82,7.93,7.69
1541538000.0,07.11.2018,7.72,7.68,7.84,7.65
1541624400.0,08.11.2018,7.6,7.72,7.74,7.59
1541710800.0,09.11.2018,7.24,7.6,7.6,7.21
1541970000.0,12.11.2018,7.13,7.23,7.3,7.12
1542056400.0,13.11.2018,7.18,7.13,7.35,7.07
1542142800.0,14.11.2018,7.05,7.18,7.18,6.96
1542229200.0,15.11.2018,7.05,7.05,7.08,7.0
1542315600.0,16.11.2018,7.21,7.05,7.65,7.03
1542574800.0,19.11.2018,7.46,7.21,7.87,7.2
1542661200.0,20.11.2018,7.34,7.59,7.59,7.25
1542747600.0,21.11.2018,7.31,7.34,7.45,7.21
1542834000.0,22.11.2018,7.27,7.3,7.33,7.2
1542920400.0,23.11.2018,7.33,7.32,7.33,7.02
1543179600.0,26.11.2018,7.45,7.21,7.45,7.21
1543266000.0,27.11.2018,7.8,7.58,8.27,7.38
1543352400.0,28.11.2018,7.73,7.65,7.82,7.54
1543438800.0,29.11.2018,7.77,7.73,7.79,7.66
1543525200.0,30.11.2018,7.74,7.75,7.8,7.67
1543784400.0,03.12.2018,8.0,7.7,8.27,7.7
1543870800.0,04.12.2018,8.18,8.01,8.18,7.84
1543957200.0,05.12.2018,8.3,8.18,8.3,8.02
1544043600.0,06.12.2018,8.78,8.3,9.53,8.3
1544130000.0,07.12.2018,8.44,8.99,8.99,8.1
1544389200.0,10.12.2018,8.19,8.3,8.32,8.16
1544475600.0,11.12.2018,8.1,8.2,8.22,8.01
1544562000.0,12.12.2018,7.99,8.02,8.09,7.82
1544648400.0,13.12.2018,8.22,8.01,8.22,7.98
1544734800.0,14.12.2018,8.15,8.24,8.24,7.87
1544994000.0,17.12.2018,8.22,8.03,8.35,8.03
1545080400.0,18.12.2018,8.47,8.23,8.67,8.17
1545166800.0,19.12.2018,8.35,8.29,8.45,8.29
1545253200.0,20.12.2018,8.33,8.4,8.4,8.21
1545339600.0,21.12.2018,9.99,8.43,9.99,8.36
1545598800.0,24.12.2018,11.37,10.8,11.9,10.68
1545685200.0,25.12.2018,11.35,11.3,11.7,10.75
1545771600.0,26.12.2018,10.7,11.43,11.5,10.5
1545858000.0,27.12.2018,10.89,10.73,11.42,10.5
1545944400.0,28.12.2018,13.06,10.97,13.06,9.88
1546203600.0,31.12.2018,12.7,14.7,14.75,12.2
1546376400.0,02.01.2019,12.41,12.52,13.2,12.05
1546462800.0,03.01.2019,12.1,12.8,13.45,11.99
1546549200.0,04.01.2019,12.0,12.23,12.58,11.85
1546808400.0,07.01.2019,12.05,11.9,12.65,11.9
1546894800.0,08.01.2019,12.11,12.25,12.4,11.83
1546981200.0,09.01.2019,12.09,12.12,12.23,11.85
1547067600.0,10.01.2019,12.22,12.09,13.0,11.87
1547154000.0,11.01.2019,12.2,12.29,12.41,12.05
1547413200.0,14.01.2019,11.3,11.9,11.95,11.1
1547499600.0,15.01.2019,11.36,11.49,11.62,11.18
1547586000.0,16.01.2019,10.99,11.28,11.52,10.82
1547672400.0,17.01.2019,10.95,11.05,11.22,10.56
1547758800.0,18.01.2019,11.0,11.15,11.19,10.85
1548018000.0,21.01.2019,11.1,11.0,11.38,10.9
1548104400.0,22.01.2019,10.98,11.15,11.15,10.86
1548190800.0,23.01.2019,11.05,11.08,11.1,10.8
1548277200.0,24.01.2019,11.02,11.13,11.17,10.99
1548363600.0,25.01.2019,11.16,11.05,12.14,11.05
1548622800.0,28.01.2019,11.2,11.2,11.47,11.13
1548709200.0,29.01.2019,11.51,11.25,11.65,11.15
1548795600.0,30.01.2019,11.7,11.55,11.7,11.37
1548882000.0,31.01.2019,11.53,11.8,11.8,11.45
1548968400.0,01.02.2019,11.47,11.53,11.69,11.25
1549227600.0,04.02.2019,11.73,11.47,12.37,11.31
1549314000.0,05.02.2019,11.46,11.73,12.0,11.2
1549400400.0,06.02.2019,11.52,11.6,11.6,11.2
1549486800.0,07.02.2019,11.6,11.55,11.6,10.75
1549573200.0,08.02.2019,11.56,11.56,11.68,11.39
1549832400.0,11.02.2019,11.56,11.56,11.78,11.5
1549918800.0,12.02.2019,11.56,11.7,11.7,11.5
1550005200.0,13.02.2019,11.39,11.55,11.63,11.02
1550091600.0,14.02.2019,11.46,11.49,11.99,11.3
1550178000.0,15.02.2019,11.5,11.39,11.59,11.21
1550437200.0,18.02.2019,11.89,11.62,11.93,11.5
1550523600.0,19.02.2019,12.03,12.01,12.19,11.7
1550610000.0,20.02.2019,11.9,12.02,12.15,11.82
1550696400.0,21.02.2019,11.99,11.94,12.09,11.88
1550782800.0,22.02.2019,11.69,11.85,11.9,11.6
1551042000.0,25.02.2019,11.58,11.8,11.8,11.55
1551128400.0,26.02.2019,11.61,11.74,11.79,11.55
1551214800.0,27.02.2019,11.68,11.6,11.9,11.51
1551301200.0,28.02.2019,11.67,11.75,11.75,11.5
1551387600.0,01.03.2019,11.65,11.68,12.0,11.5
1551646800.0,04.03.2019,11.84,11.79,11.84,11.52
1551733200.0,05.03.2019,11.69,11.84,11.85,11.59
1551819600.0,06.03.2019,11.49,11.7,12.2,11.2
1551906000.0,07.03.2019,11.4,11.58,11.58,11.26
1551992400.0,08.03.2019,11.38,11.4,11.51,11.27
1552251600.0,11.03.2019,11.27,11.41,11.55,11.27
1552338000.0,12.03.2019,11.3,11.52,11.52,11.2
1552424400.0,13.03.2019,11.11,11.25,11.39,11.11
1552510800.0,14.03.2019,11.12,11.28,11.3,11.1
1552597200.0,15.03.2019,11.15,11.28,11.28,11.04
1552856400.0,18.03.2019,11.23,11.27,11.33,11.1
1552942800.0,19.03.2019,11.12,11.23,11.28,11.1
1553029200.0,20.03.2019,11.7,11.12,11.7,11.1
1553115600.0,21.03.2019,14.04,11.8,14.04,11.7
1553202000.0,22.03.2019,16.84,14.77,16.84,13.81
1553461200.0,25.03.2019,15.23,16.17,18.7,14.74
1553547600.0,26.03.2019,15.13,15.2,16.0,14.0
1553634000.0,27.03.2019,14.98,15.13,15.69,14.3
1553720400.0,28.03.2019,15.74,15.02,15.74,14.0
1553806800.0,29.03.2019,16.8,15.6,17.29,15.2
1554066000.0,01.04.2019,16.61,16.8,17.27,16.01
1554152400.0,02.04.2019,16.75,16.5,17.0,16.26
1554238800.0,03.04.2019,18.6,16.75,18.65,16.5
1554325200.0,04.04.2019,18.0,18.38,19.15,17.38
1554411600.0,05.04.2019,17.99,17.86,18.31,17.54
1554670800.0,08.04.2019,17.79,17.6,18.0,17.15
1554757200.0,09.04.2019,17.9,17.79,17.98,17.3
1554843600.0,10.04.2019,16.52,17.88,17.88,16.0
1554930000.0,11.04.2019,19.82,16.52,19.82,16.29
1555016400.0,12.04.2019,20.54,20.48,22.62,19.01
1555275600.0,15.04.2019,19.4,20.44,21.06,19.24
1555362000.0,16.04.2019,19.0,19.5,19.94,18.78
1555448400.0,17.04.2019,18.58,19.0,19.61,18.51
1555534800.0,18.04.2019,18.39,18.6,18.78,17.5
1555621200.0,19.04.2019,18.65,18.39,20.44,17.78
1555880400.0,22.04.2019,17.9,18.79,19.3,17.83
1556053200.0,24.04.2019,18.11,17.9,19.05,17.82
1556139600.0,25.04.2019,17.93,18.11,18.43,17.6
1556226000.0,26.04.2019,17.88,18.0,18.05,17.5
1556485200.0,29.04.2019,17.77,18.03,18.5,17.52
1556571600.0,30.04.2019,14.75,17.65,18.23,14.35
1556744400.0,02.05.2019,14.4,14.79,16.1,14.11
1556830800.0,03.05.2019,13.65,14.58,14.78,13.52
1557090000.0,06.05.2019,13.0,13.65,13.65,12.71
1557176400.0,07.05.2019,13.65,12.7,15.28,12.53
1557262800.0,08.05.2019,12.68,13.65,13.9,12.68
1557349200.0,09.05.2019,13.0,12.68,13.79,12.5
1557435600.0,10.05.2019,13.15,13.25,13.7,12.94
1557694800.0,13.05.2019,12.54,13.21,13.21,12.04
1557781200.0,14.05.2019,12.75,12.53,13.24,12.25
1557867600.0,15.05.2019,12.66,12.85,13.3,12.03
1557954000.0,16.05.2019,12.79,12.74,13.45,12.52
1558040400.0,17.05.2019,12.79,13.0,13.0,12.55
1558299600.0,20.05.2019,12.83,12.79,13.2,12.61
1558386000.0,21.05.2019,13.65,12.95,15.0,12.65
1558472400.0,22.05.2019,13.36,13.7,14.79,13.1
1558558800.0,23.05.2019,13.21,13.45,14.25,12.69
1558645200.0,24.05.2019,13.48,13.3,14.19,13.21
1558904400.0,27.05.2019,13.46,13.53,13.58,13.25
1558990800.0,28.05.2019,13.66,13.45,14.06,13.44
1559077200.0,29.05.2019,14.6,14.0,15.99,13.93
1559163600.0,30.05.2019,14.89,15.7,15.7,14.75
1559250000.0,31.05.2019,15.14,14.89,15.4,14.28
1559509200.0,03.06.2019,15.38,15.14,15.5,15.07
1559854800.0,07.06.2019,15.38,15.33,15.47,15.11
1560114000.0,10.06.2019,15.28,15.15,15.47,14.95
1560200400.0,11.06.2019,14.98,15.26,15.26,14.8
1560286800.0,12.06.2019,14.64,14.9,14.97,13.61
1560373200.0,13.06.2019,14.65,14.63,15.86,14.54
1560459600.0,14.06.2019,14.57,14.78,15.12,14.43
1560718800.0,17.06.2019,15.05,14.53,15.05,14.01
1560805200.0,18.06.2019,16.55,15.02,17.85,14.73
1560891600.0,19.06.2019,16.79,16.65,17.2,16.11
1560978000.0,20.06.2019,16.86,16.84,17.46,16.56
1561064400.0,21.06.2019,15.94,16.88,17.2,15.21
1561323600.0,24.06.2019,16.15,15.94,16.4,15.6
1561410000.0,25.06.2019,16.24,16.15,16.24,16.15
1561496400.0,26.06.2019,16.32,16.24,16.32,16.22
1561582800.0,27.06.2019,16.39,16.3,16.39,16.3
1561669200.0,28.06.2019,16.48,16.38,16.48,16.38
1561928400.0,01.07.2019,16.56,16.48,16.56,16.48
1562014800.0,02.07.2019,16.62,16.56,16.63,16.56
1562101200.0,03.07.2019,16.7,16.62,16.7,16.61
1562187600.0,04.07.2019,16.78,16.71,16.78,16.7
1562274000.0,05.07.2019,16.86,16.79,16.86,16.78
1562533200.0,08.07.2019,16.94,16.85,16.94,16.85
1562619600.0,09.07.2019,17.02,16.95,17.19,16.94
1562706000.0,10.07.2019,17.09,17.01,17.09,17.01
1562792400.0,11.07.2019,17.16,17.08,17.16,17.08
1562878800.0,12.07.2019,17.26,17.16,17.26,17.16
1563224400.0,16.07.2019,17.34,17.27,18.5,17.26
1563310800.0,17.07.2019,17.42,17.35,17.42,17.34
1563397200.0,18.07.2019,17.5,17.43,17.5,17.41
1563483600.0,19.07.2019,17.58,17.5,17.58,17.5
1563742800.0,22.07.2019,17.66,17.59,17.66,17.58
1563829200.0,23.07.2019,17.74,17.67,17.74,17.66
1563915600.0,24.07.2019,17.8,17.75,17.82,17.74
1564002000.0,25.07.2019,17.88,17.82,17.9,17.82
1564088400.0,26.07.2019,17.98,17.9,17.98,17.9
1564347600.0,29.07.2019,18.08,18.0,18.08,17.98
1564434000.0,30.07.2019,18.17,18.09,18.18,18.08
1564520400.0,31.07.2019,14.54,18.19,18.24,14.54
1564606800.0,01.08.2019,12.49,14.2,14.2,12.25
1564693200.0,02.08.2019,11.52,12.49,12.5,11.52
1564952400.0,05.08.2019,11.26,11.5,11.79,11.24
1565038800.0,06.08.2019,11.03,11.27,11.45,11.01
1565125200.0,07.08.2019,10.52,11.05,11.56,10.45
1565211600.0,08.08.2019,10.71,10.62,10.76,10.21
1565298000.0,09.08.2019,10.8,10.75,11.0,10.75
1565816400.0,15.08.2019,10.5,10.64,10.79,10.4
1565902800.0,16.08.2019,10.53,10.5,10.88,10.32
1566162000.0,19.08.2019,10.4,10.5,10.57,10.17
1566248400.0,20.08.2019,10.4,10.3,10.77,10.3
1566334800.0,21.08.2019,10.4,10.35,10.5,10.3
1566421200.0,22.08.2019,10.4,10.45,10.45,10.35
1566507600.0,23.08.2019,10.72,10.4,11.44,10.4
1566766800.0,26.08.2019,10.8,10.69,11.53,10.5
1566853200.0,27.08.2019,11.65,10.95,11.95,10.78
1566939600.0,28.08.2019,11.74,11.7,11.85,11.24
1567026000.0,29.08.2019,11.21,11.88,12.08,11.15
1567371600.0,02.09.2019,11.09,11.35,11.35,10.91
1567458000.0,03.09.2019,11.06,11.08,11.15,11.04
1567544400.0,04.09.2019,11.1,11.07,11.24,11.03
1567630800.0,05.09.2019,11.21,11.13,11.26,11.1
1567717200.0,06.09.2019,11.24,11.22,11.34,11.13
1567976400.0,09.09.2019,11.29,11.28,11.35,11.24
1568062800.0,10.09.2019,11.51,11.3,11.59,11.15
1568149200.0,11.09.2019,11.45,11.51,11.75,11.41
1568235600.0,12.09.2019,11.42,11.39,11.5,11.37
1568322000.0,13.09.2019,11.55,11.42,11.7,11.42
1568581200.0,16.09.2019,11.68,11.55,11.73,11.5
1568667600.0,17.09.2019,11.59,11.68,11.68,11.46
1568754000.0,18.09.2019,11.61,11.59,11.75,11.51
1568840400.0,19.09.2019,11.68,11.66,11.91,11.61
1568926800.0,20.09.2019,11.73,11.75,11.83,11.58
1569186000.0,23.09.2019,11.54,11.73,11.8,10.62
1569272400.0,24.09.2019,11.54,11.56,11.7,11.54
1569358800.0,25.09.2019,11.54,11.57,11.66,11.52
1569445200.0,26.09.2019,11.52,11.54,11.59,11.5
1569531600.0,27.09.2019,11.6,11.55,11.75,11.53
1569790800.0,30.09.2019,11.72,11.6,11.9,11.6
1569877200.0,01.10.2019,11.6,11.73,11.8,11.58
1569963600.0,02.10.2019,11.57,11.61,11.65,11.55
1570050000.0,03.10.2019,11.54,11.58,11.72,11.51
1570136400.0,04.10.2019,11.56,11.57,11.6,11.5
1570395600.0,07.10.2019,11.59,11.56,11.75,11.53
1570482000.0,08.10.2019,11.31,11.55,11.55,11.19
1570568400.0,09.10.2019,11.25,11.3,11.4,11.25
1570654800.0,10.10.2019,11.52,11.25,11.93,11.14
1570741200.0,11.10.2019,11.43,11.46,11.78,11.41
1571000400.0,14.10.2019,10.9,11.39,11.65,10.63
1571086800.0,15.10.2019,11.05,10.9,11.87,10.89
1571173200.0,16.10.2019,11.07,11.05,11.39,10.94
1571259600.0,17.10.2019,11.09,11.09,11.14,10.99
1571346000.0,18.10.2019,11.4,11.29,11.72,11.24
1571605200.0,21.10.2019,11.48,11.32,11.59,11.32
1571691600.0,22.10.2019,11.54,11.58,11.73,11.48
1571778000.0,23.10.2019,11.7,11.56,11.7,11.54
1571864400.0,24.10.2019,11.69,11.71,11.85,11.66
1571950800.0,25.10.2019,11.64,11.7,11.7,11.55
1572210000.0,28.10.2019,11.5,11.66,11.71,11.47
1572382800.0,30.10.2019,11.43,11.4,11.57,11.4
1572469200.0,31.10.2019,11.67,11.44,11.69,11.43
1572555600.0,01.11.2019,11.53,11.63,11.7,11.48
1572814800.0,04.11.2019,11.54,11.55,11.6,11.51
1572901200.0,05.11.2019,11.64,11.54,11.74,11.5
1572987600.0,06.11.2019,11.66,11.65,11.7,11.6
1573074000.0,07.11.2019,13.16,11.68,13.4,11.66
1573160400.0,08.11.2019,12.42,13.16,13.2,12.21
1573419600.0,11.11.2019,12.43,12.46,12.6,12.22
1573506000.0,12.11.2019,12.45,12.27,13.17,12.02
1573592400.0,13.11.2019,12.36,12.46,12.5,12.22
1573678800.0,14.11.2019,12.22,12.36,12.44,12.2
1573765200.0,15.11.2019,12.35,12.23,12.5,12.23
1574024400.0,18.11.2019,13.12,12.37,13.32,12.2
1574110800.0,19.11.2019,13.92,13.12,14.06,13.12
1574197200.0,20.11.2019,13.45,13.92,13.93,13.16
1574283600.0,21.11.2019,13.6,13.54,13.6,13.2
1574370000.0,22.11.2019,13.67,13.58,14.1,13.43
1574629200.0,25.11.2019,13.67,13.67,13.9,13.48
1574715600.0,26.11.2019,13.7,13.75,13.81,13.56
1574802000.0,27.11.2019,13.88,13.75,14.56,13.6
1574888400.0,28.11.2019,13.9,13.88,14.23,13.8
1574974800.0,29.11.2019,13.98,14.0,14.23,13.83
1575234000.0,02.12.2019,13.92,14.09,14.09,13.9
1575320400.0,03.12.2019,13.99,13.93,14.15,13.9
1575406800.0,04.12.2019,14.68,14.09,14.77,13.97
1575493200.0,05.12.2019,15.15,14.8,15.28,14.6
1575579600.0,06.12.2019,15.0,15.15,15.15,14.69
1575838800.0,09.12.2019,15.1,15.07,15.49,14.65
1575925200.0,10.12.2019,14.5,15.14,15.3,14.3
1576011600.0,11.12.2019,14.2,14.48,14.82,14.03
1576098000.0,12.12.2019,14.52,14.1,14.75,14.1
1576184400.0,13.12.2019,14.54,14.58,14.85,14.36
1576443600.0,16.12.2019,14.75,14.52,14.76,14.41
1576530000.0,17.12.2019,14.55,14.78,14.85,14.4
1576616400.0,18.12.2019,14.23,14.37,14.52,14.0
1576702800.0,19.12.2019,14.26,14.23,14.6,14.2
1576789200.0,20.12.2019,14.12,14.2,14.39,14.0
1577048400.0,23.12.2019,13.93,14.2,14.2,13.4
1577134800.0,24.12.2019,14.44,14.0,14.5,13.92
1577221200.0,25.12.2019,14.21,14.42,14.42,14.0
1577307600.0,26.12.2019,14.15,14.21,14.3,14.11
1577394000.0,27.12.2019,14.5,14.18,14.55,14.15
1577653200.0,30.12.2019,15.03,14.64,15.73,14.64
1577739600.0,31.12.2019,15.0,15.03,15.61,14.78
1577912400.0,02.01.2020,15.13,15.23,15.52,15.01
1577998800.0,03.01.2020,14.28,15.13,15.13,13.81
1578258000.0,06.01.2020,13.47,14.27,14.27,13.2
1578344400.0,07.01.2020,14.07,13.5,14.14,13.5
1578430800.0,08.01.2020,13.92,13.68,14.36,12.7
1578517200.0,09.01.2020,14.33,14.03,14.78,14.03
1578603600.0,10.01.2020,14.55,14.34,14.88,14.34
1578862800.0,13.01.2020,14.95,14.7,15.03,14.7
1578949200.0,14.01.2020,14.86,15.0,15.0,14.55
1579035600.0,15.01.2020,14.8,14.87,14.91,14.78
1579122000.0,16.01.2020,14.99,15.05,15.18,14.85
1579208400.0,17.01.2020,14.98,15.0,15.08,14.77
1579467600.0,20.01.2020,14.9,15.0,15.06,14.89
1579554000.0,21.01.2020,14.86,14.99,14.99,14.4
1579640400.0,22.01.2020,14.8,14.86,14.9,14.73
1579726800.0,23.01.2020,14.85,14.78,15.12,14.78
1579813200.0,24.01.2020,14.84,14.91,14.94,14.7
1580072400.0,27.01.2020,16.25,15.01,16.99,15.01
1580158800.0,28.01.2020,17.52,16.45,18.53,16.45
1580245200.0,29.01.2020,18.5,17.57,19.15,17.57
1580331600.0,30.01.2020,17.22,18.19,18.19,17.0
1580418000.0,31.01.2020,17.02,17.32,17.5,16.91
1580677200.0,03.02.2020,16.8,17.03,17.13,16.6
1580763600.0,04.02.2020,17.09,16.83,17.4,16.75
1580850000.0,05.02.2020,17.35,17.15,17.47,17.03
1580936400.0,06.02.2020,17.19,17.4,17.5,17.05
1581022800.0,07.02.2020,16.66,17.24,17.24,16.61
1581282000.0,10.02.2020,16.03,16.66,16.66,15.7
1581368400.0,11.02.2020,17.2,16.41,17.64,16.07
1581454800.0,12.02.2020,17.65,16.82,18.31,16.7
1581541200.0,13.02.2020,17.22,17.65,18.1,17.2
1581627600.0,14.02.2020,17.2,17.33,17.9,17.19
1581886800.0,17.02.2020,16.82,17.19,17.46,16.75
1581973200.0,18.02.2020,16.13,16.71,16.71,16.0
1582059600.0,19.02.2020,15.39,16.14,16.22,15.01
1582146000.0,20.02.2020,14.26,15.39,15.39,13.86
1582232400.0,21.02.2020,14.3,14.25,14.39,13.52
1582491600.0,24.02.2020,14.14,14.0,14.3,13.88
1582578000.0,25.02.2020,14.09,14.14,14.43,13.94
1582664400.0,26.02.2020,14.27,14.09,14.8,13.8
1582750800.0,27.02.2020,14.06,14.0,14.4,13.99
1582837200.0,28.02.2020,13.58,13.5,13.64,12.55
1583096400.0,02.03.2020,14.1,13.98,14.8,13.6
1583182800.0,03.03.2020,14.15,14.26,14.64,14.05
1583269200.0,04.03.2020,13.99,14.3,14.38,13.98
1583355600.0,05.03.2020,14.13,14.01,14.35,14.0
1583442000.0,06.03.2020,13.99,14.02,14.12,13.6
1583701200.0,09.03.2020,13.0,13.9,13.91,12.87
1583787600.0,10.03.2020,12.6,13.18,13.5,12.5
1583874000.0,11.03.2020,11.89,12.03,12.51,11.14
1583960400.0,12.03.2020,10.11,11.4,11.4,10.11
1584046800.0,13.03.2020,10.73,10.56,10.9,10.01
1584306000.0,16.03.2020,9.67,10.35,10.85,9.66
1584392400.0,17.03.2020,8.98,9.67,10.0,8.71
1584478800.0,18.03.2020,9.23,8.73,9.65,8.73
1584565200.0,19.03.2020,9.09,9.29,9.4,9.03
1584651600.0,20.03.2020,9.35,9.23,9.4,9.0
1584910800.0,23.03.2020,9.0,9.0,9.3,8.72
1584997200.0,24.03.2020,9.63,9.05,9.69,8.99
1585083600.0,25.03.2020,9.86,9.78,10.15,9.56
1585170000.0,26.03.2020,10.32,9.77,10.5,9.77
1585256400.0,27.03.2020,10.28,10.21,10.45,10.02
1585515600.0,30.03.2020,10.25,10.39,10.39,10.0
1585602000.0,31.03.2020,10.79,10.38,10.8,10.01
1585688400.0,01.04.2020,11.86,10.72,11.86,10.69
1585774800.0,02.04.2020,12.3,11.87,12.44,11.45
1585861200.0,03.04.2020,11.91,12.47,12.75,11.85
1586120400.0,06.04.2020,12.42,12.09,12.47,11.91
1586206800.0,07.04.2020,12.49,12.44,12.85,12.2
1586293200.0,08.04.2020,12.74,12.49,12.95,12.18
1586379600.0,09.04.2020,14.0,12.87,14.0,12.51
1586466000.0,10.04.2020,13.8,14.0,14.43,13.51
1586725200.0,13.04.2020,13.73,13.79,14.0,13.46
1586811600.0,14.04.2020,13.96,13.89,14.5,13.7
1586898000.0,15.04.2020,14.27,14.16,14.85,13.55
1586984400.0,16.04.2020,13.7,14.25,14.26,13.4
1587070800.0,17.04.2020,14.09,13.79,14.19,13.71
1587330000.0,20.04.2020,14.04,14.13,14.2,13.78
1587416400.0,21.04.2020,13.82,14.0,14.04,13.74
1587502800.0,22.04.2020,13.95,13.83,13.99,13.8
1587675600.0,24.04.2020,14.0,13.96,14.28,13.9
1587934800.0,27.04.2020,14.23,14.05,14.37,14.05
1588021200.0,28.04.2020,15.29,14.42,15.5,14.28
1588107600.0,29.04.2020,16.81,15.42,16.81,14.8
1588194000.0,30.04.2020,17.17,16.8,17.65,16.2
1588539600.0,04.05.2020,18.18,17.3,18.49,17.3
1588626000.0,05.05.2020,18.25,18.45,18.85,17.53
1588712400.0,06.05.2020,19.92,18.5,19.92,18.19
1588798800.0,07.05.2020,20.28,20.12,21.7,19.12
1588885200.0,08.05.2020,20.94,20.3,21.7,20.3
1589144400.0,11.05.2020,21.5,21.5,21.96,21.06
1589230800.0,12.05.2020,21.44,22.4,22.4,20.5
1589317200.0,13.05.2020,23.58,20.84,23.58,20.84
1589403600.0,14.05.2020,24.32,23.6,25.56,23.0
1589490000.0,15.05.2020,26.74,26.0,26.74,24.7
1589749200.0,18.05.2020,29.4,28.7,29.4,26.74
1589922000.0,20.05.2020,32.34,32.12,32.34,29.5
1590008400.0,21.05.2020,35.56,33.0,35.56,33.0
1590094800.0,22.05.2020,39.1,36.56,39.1,35.7
1590526800.0,27.05.2020,35.2,39.2,41.5,35.2
1590613200.0,28.05.2020,31.68,31.8,35.0,31.68
1590699600.0,29.05.2020,28.52,28.94,31.0,28.52
1590958800.0,01.06.2020,27.0,26.4,31.36,25.76
1591045200.0,02.06.2020,27.6,26.94,28.3,25.6
1591131600.0,03.06.2020,26.0,27.6,28.5,25.72
1591218000.0,04.06.2020,25.8,25.96,26.48,25.8
1591304400.0,05.06.2020,25.0,25.8,26.48,24.52
1591563600.0,08.06.2020,24.94,25.2,27.5,24.52
1591650000.0,09.06.2020,23.9,24.96,25.18,23.72
1591736400.0,10.06.2020,24.0,23.96,24.36,23.6
1591822800.0,11.06.2020,24.44,24.04,25.78,23.84
1591909200.0,12.06.2020,24.0,24.3,24.4,23.4
1592168400.0,15.06.2020,24.1,23.84,25.46,23.62
1592254800.0,16.06.2020,24.3,24.3,24.88,24.12
1592341200.0,17.06.2020,24.0,24.48,24.48,24.0
1592427600.0,18.06.2020,24.0,24.0,24.34,23.6
1592514000.0,19.06.2020,23.52,24.02,24.2,23.36
1592773200.0,22.06.2020,23.7,23.52,23.98,23.52
1592859600.0,23.06.2020,23.56,24.0,24.0,23.52
1592946000.0,24.06.2020,23.66,23.68,23.72,23.34
1593032400.0,25.06.2020,23.36,23.66,23.68,23.22
1593118800.0,26.06.2020,23.2,23.36,23.6,23.06
1593378000.0,29.06.2020,23.2,23.2,23.4,23.02
1593464400.0,30.06.2020,23.36,23.3,23.5,23.14
1593550800.0,01.07.2020,25.68,23.38,25.68,23.32
1593637200.0,02.07.2020,26.58,26.4,28.2,26.0
1593723600.0,03.07.2020,25.0,26.58,26.68,24.72
1593982800.0,06.07.2020,25.18,25.14,26.0,24.28
1594069200.0,07.07.2020,24.62,25.22,25.34,24.22
1594155600.0,08.07.2020,24.24,24.62,24.88,24.18
1594242000.0,09.07.2020,23.5,24.12,24.5,23.32
1594328400.0,10.07.2020,22.96,23.5,23.52,22.3
1594587600.0,13.07.2020,24.06,23.14,24.36,22.96
1594674000.0,14.07.2020,23.92,24.06,24.3,23.54
1594846800.0,16.07.2020,24.46,23.98,24.62,23.92
1594933200.0,17.07.2020,25.32,24.7,26.0,24.26
1595192400.0,20.07.2020,27.84,25.36,27.84,25.36
1595278800.0,21.07.2020,27.3,29.82,30.62,26.5
1595365200.0,22.07.2020,26.24,27.6,28.7,25.9
1595451600.0,23.07.2020,26.5,26.3,27.02,25.5
1595538000.0,24.07.2020,26.36,26.5,27.0,25.86
1595797200.0,27.07.2020,28.98,26.64,28.98,26.36
1595883600.0,28.07.2020,27.5,29.0,30.42,27.5
1595970000.0,29.07.2020,26.24,27.48,27.48,25.38
1596056400.0,30.07.2020,26.82,26.42,27.5,25.54
