"Tarih","Şimdi","Açılış","Yüksek","Düşük","Hac.","Fark %"
"30.07.2020","16,17","16,65","16,68","16,17","4,60M","-2,88%"
"29.07.2020","16,65","16,99","17,06","16,45","7,62M","-1,48%"
"28.07.2020","16,90","17,46","17,50","16,82","8,59M","-3,26%"
"27.07.2020","17,47","17,53","17,62","17,45","3,03M","0,11%"
"24.07.2020","17,45","17,48","17,54","17,30","3,77M","-0,74%"
"23.07.2020","17,58","17,48","17,69","17,43","4,06M","1,03%"
"22.07.2020","17,40","17,51","17,64","17,40","4,58M","-0,40%"
"21.07.2020","17,47","17,76","17,92","17,33","11,86M","-0,74%"
"20.07.2020","17,60","17,64","17,73","17,55","5,09M","-0,17%"
"17.07.2020","17,63","17,66","17,66","17,48","5,32M","0,06%"
"16.07.2020","17,62","17,60","17,68","17,53","7,02M","0,97%"
"14.07.2020","17,45","17,61","17,61","17,29","6,61M","-1,08%"
"13.07.2020","17,64","17,40","17,67","17,26","7,17M","2,92%"
"10.07.2020","17,14","17,26","17,37","16,92","8,58M","-1,49%"
"09.07.2020","17,40","18,00","18,11","17,36","9,38M","-2,74%"
"08.07.2020","17,89","18,05","18,20","17,89","8,81M","-0,67%"
"07.07.2020","18,01","17,72","18,08","17,60","12,73M","1,64%"
"06.07.2020","17,72","17,60","17,77","17,59","6,47M","1,55%"
"03.07.2020","17,45","17,80","17,82","17,43","8,00M","-1,80%"
"02.07.2020","17,77","17,60","17,88","17,58","9,11M","1,43%"
"01.07.2020","17,52","18,14","18,25","17,51","11,54M","-2,67%"
"30.06.2020","18,00","17,76","18,17","17,64","14,13M","1,47%"
"29.06.2020","17,74","17,24","17,75","17,24","7,35M","1,84%"
"26.06.2020","17,42","17,40","17,49","17,27","4,33M","0,93%"
"25.06.2020","17,26","17,09","17,29","16,91","4,35M","0,94%"
"24.06.2020","17,10","17,47","17,50","17,10","4,75M","-2,23%"
"23.06.2020","17,49","17,50","17,66","17,45","5,22M","0,17%"
"22.06.2020","17,46","17,37","17,71","17,36","11,30M","1,16%"
"19.06.2020","17,26","17,12","17,42","17,03","11,34M","1,35%"
"18.06.2020","17,03","17,08","17,14","16,91","6,22M","-0,29%"
"17.06.2020","17,08","17,42","17,50","17,05","6,87M","-1,90%"
"16.06.2020","17,41","17,45","17,59","17,32","6,57M","0,81%"
"15.06.2020","17,27","17,13","17,34","16,76","8,98M","0,52%"
"12.06.2020","17,18","16,83","17,32","16,65","6,22M","1,36%"
"11.06.2020","16,95","17,19","17,21","16,85","5,45M","-1,45%"
"10.06.2020","17,20","17,58","17,65","17,20","8,24M","-1,71%"
"09.06.2020","17,50","18,00","18,10","17,50","6,58M","-2,56%"
"08.06.2020","17,96","17,86","18,32","17,66","9,10M","0,62%"
"05.06.2020","17,85","17,58","17,85","17,29","9,06M","1,54%"
"04.06.2020","17,58","17,85","17,89","17,46","5,80M","-1,35%"
"03.06.2020","17,82","17,70","17,86","17,55","6,10M","2,41%"
"02.06.2020","17,40","16,84","17,40","16,82","10,96M","4,00%"
"01.06.2020","16,73","16,23","16,90","16,23","6,93M","3,66%"
"29.05.2020","16,14","16,58","17,00","16,14","13,14M","-3,12%"
"28.05.2020","16,66","15,76","16,69","15,76","14,72M","6,11%"
"27.05.2020","15,70","15,70","15,97","15,58","11,90M","2,95%"
"22.05.2020","15,25","15,15","15,29","15,06","7,80M","0,66%"
"21.05.2020","15,15","15,09","15,31","15,06","6,58M","0,46%"
"20.05.2020","15,08","15,20","15,33","15,08","7,39M","-0,26%"
"18.05.2020","15,12","15,07","15,26","15,00","5,53M","1,48%"
"15.05.2020","14,90","15,10","15,12","14,90","3,99M","-1,06%"
"14.05.2020","15,06","15,10","15,11","14,84","6,24M","-0,73%"
"13.05.2020","15,17","15,26","15,28","15,15","5,75M","-0,72%"
"12.05.2020","15,28","14,94","15,29","14,86","6,72M","2,55%"
"11.05.2020","14,90","15,02","15,07","14,62","5,51M","-0,47%"
"08.05.2020","14,97","14,82","15,05","14,80","6,73M","1,56%"
"07.05.2020","14,74","14,69","14,82","14,46","5,14M","0,34%"
"06.05.2020","14,69","14,91","14,92","14,65","6,17M","-1,34%"
"05.05.2020","14,89","15,03","15,10","14,85","5,06M","-0,20%"
"04.05.2020","14,92","15,16","15,17","14,76","6,30M","-2,74%"
"30.04.2020","15,34","15,20","15,55","15,10","13,68M","1,66%"
"29.04.2020","15,09","14,90","15,09","14,86","6,81M","1,96%"
"28.04.2020","14,80","14,96","15,15","14,80","11,08M","-0,74%"
"27.04.2020","14,91","14,87","14,93","14,70","9,66M","1,71%"
"24.04.2020","14,66","14,66","14,85","14,57","8,44M","-0,68%"
"22.04.2020","14,76","14,68","14,94","14,59","6,26M","0,54%"
"21.04.2020","14,68","14,85","14,85","14,53","4,47M","-1,48%"
"20.04.2020","14,90","15,10","15,16","14,87","5,48M","-0,80%"
"17.04.2020","15,02","15,10","15,19","14,76","5,86M","2,25%"
"16.04.2020","14,69","15,18","15,29","14,69","6,32M","-2,26%"
"15.04.2020","15,03","16,16","16,19","15,03","6,07M","-6,88%"
"14.04.2020","16,14","15,20","16,14","15,20","7,17M","6,75%"
"13.04.2020","15,12","15,00","15,41","14,84","3,54M","-0,53%"
"10.04.2020","15,20","15,26","15,40","15,03","2,82M","-0,33%"
"09.04.2020","15,25","14,90","15,27","14,75","6,82M","2,83%"
"08.04.2020","14,83","14,52","14,83","14,50","4,73M","2,42%"
"07.04.2020","14,48","14,26","15,08","14,26","8,42M","2,04%"
"06.04.2020","14,19","13,86","14,19","13,74","5,65M","5,26%"
"03.04.2020","13,48","13,07","13,57","12,98","11,06M","3,32%"
"02.04.2020","13,05","13,10","13,11","12,92","5,83M","0,99%"
"01.04.2020","12,92","13,10","13,28","12,90","6,43M","-2,31%"
"31.03.2020","13,22","13,14","13,42","13,06","5,64M","1,36%"
"30.03.2020","13,05","13,25","13,28","12,98","4,34M","-3,07%"
"27.03.2020","13,46","14,24","14,44","13,46","5,01M","-5,14%"
"26.03.2020","14,19","13,58","14,57","13,47","4,87M","4,19%"
"25.03.2020","13,62","13,76","14,16","13,60","3,85M","1,11%"
"24.03.2020","13,47","13,49","13,69","13,15","4,38M","5,32%"
"23.03.2020","12,79","12,97","13,69","12,38","3,78M","-3,54%"
"20.03.2020","13,26","14,02","14,23","13,26","4,44M","-4,47%"
"19.03.2020","13,88","13,48","14,00","13,28","3,19M","2,51%"
"18.03.2020","13,54","13,46","13,80","13,22","4,13M","-0,88%"
"17.03.2020","13,66","14,40","14,40","13,02","4,32M","-4,54%"
"16.03.2020","14,31","15,10","15,10","14,21","3,89M","-9,32%"
"13.03.2020","15,78","14,82","15,78","14,82","3,47M","6,98%"
"12.03.2020","14,75","15,39","15,75","14,41","4,59M","-4,90%"
"11.03.2020","15,51","16,62","16,89","15,45","5,29M","-6,79%"
"10.03.2020","16,64","17,49","17,66","16,63","6,12M","-2,63%"
"09.03.2020","17,09","16,88","17,29","16,79","2,84M","-1,78%"
"06.03.2020","17,40","17,91","17,91","17,33","2,63M","-2,85%"
"05.03.2020","17,91","18,23","18,76","17,91","3,72M","-0,61%"
"04.03.2020","18,02","18,26","18,51","18,00","2,71M","-0,99%"
"03.03.2020","18,20","17,90","18,30","17,88","3,46M","4,12%"
"02.03.2020","17,48","17,60","18,25","17,41","4,96M","1,63%"
"28.02.2020","17,20","18,10","18,30","16,78","5,72M","-6,11%"
"27.02.2020","18,32","19,01","19,07","18,32","4,16M","-4,58%"
"26.02.2020","19,20","18,64","19,25","18,43","7,71M","2,51%"
"25.02.2020","18,73","19,00","19,15","18,73","6,14M","-0,90%"
"24.02.2020","18,90","19,65","19,65","18,75","4,71M","-3,77%"
"21.02.2020","19,64","19,50","19,83","19,31","4,17M","0,56%"
"20.02.2020","19,53","20,00","20,30","19,50","6,86M","-2,15%"
"19.02.2020","19,96","19,80","19,96","19,71","3,31M","0,45%"
"18.02.2020","19,87","20,04","20,06","19,70","3,06M","-1,24%"
"17.02.2020","20,12","20,00","20,16","19,70","3,43M","0,85%"
"14.02.2020","19,95","20,14","20,28","19,83","5,14M","0,66%"
"13.02.2020","19,82","19,47","19,82","19,30","5,10M","1,85%"
"12.02.2020","19,46","20,00","20,02","19,46","11,31M","-2,55%"
"11.02.2020","19,97","19,42","20,16","19,16","10,20M","3,31%"
"10.02.2020","19,33","20,06","20,18","19,18","7,10M","-4,31%"
"07.02.2020","20,20","20,08","20,36","19,99","4,83M","0,90%"
"06.02.2020","20,02","20,40","21,12","20,00","7,86M","0,15%"
"05.02.2020","19,99","19,75","20,14","19,62","8,12M","1,47%"
"04.02.2020","19,70","19,68","19,73","19,38","8,67M","0,66%"
"03.02.2020","19,57","19,56","19,65","19,42","3,09M","0,15%"
"31.01.2020","19,54","20,12","20,12","19,54","5,75M","-2,98%"
"30.01.2020","20,14","20,18","20,18","19,79","2,64M","-0,30%"
"29.01.2020","20,20","20,12","20,28","20,00","1,92M","0,80%"
"28.01.2020","20,04","20,16","20,26","19,88","3,09M","-0,60%"
"27.01.2020","20,16","20,60","20,66","20,16","2,39M","-3,36%"
"24.01.2020","20,86","21,26","21,28","20,62","3,49M","-0,95%"
"23.01.2020","21,06","21,00","21,16","20,86","3,67M","-0,09%"
"22.01.2020","21,08","21,76","21,76","20,92","3,20M","-1,50%"
"21.01.2020","21,40","21,30","21,64","20,96","2,87M","-0,47%"
"20.01.2020","21,50","21,14","21,62","21,14","3,19M","1,70%"
"17.01.2020","21,14","20,60","21,14","20,40","4,18M","2,72%"
"16.01.2020","20,58","20,86","21,02","20,58","5,65M","-1,34%"
"15.01.2020","20,86","20,86","21,28","20,54","4,93M","-0,38%"
"14.01.2020","20,94","20,80","20,96","20,62","4,06M","0,67%"
"13.01.2020","20,80","20,52","20,86","20,50","4,50M","1,27%"
"10.01.2020","20,54","20,54","20,70","20,26","4,38M","0,59%"
"09.01.2020","20,42","20,20","20,58","20,08","7,94M","2,41%"
"08.01.2020","19,94","19,89","19,95","19,66","2,79M","0,05%"
"07.01.2020","19,93","20,22","20,28","19,92","2,89M","-0,75%"
"06.01.2020","20,08","20,34","20,34","19,97","1,94M","-1,08%"
"03.01.2020","20,30","20,30","20,44","19,97","3,31M","-0,39%"
"02.01.2020","20,38","20,42","20,44","20,24","2,53M","0,30%"
"31.12.2019","20,32","20,14","20,52","20,10","2,68M","0,79%"
"30.12.2019","20,16","20,00","20,22","19,95","2,19M","0,85%"
"27.12.2019","19,99","20,04","20,08","19,90","2,29M","0,10%"
"26.12.2019","19,97","19,96","20,12","19,93","1,08M","0,30%"
"25.12.2019","19,91","20,08","20,10","19,90","718,49K","-0,65%"
"24.12.2019","20,04","20,26","20,26","19,99","1,19M","-0,30%"
"23.12.2019","20,10","19,76","20,10","19,66","2,45M","2,03%"
"20.12.2019","19,70","19,82","19,98","19,68","3,42M","-0,35%"
"19.12.2019","19,77","19,90","20,04","19,71","2,71M","-0,95%"
"18.12.2019","19,96","19,79","19,96","19,57","3,50M","0,81%"
"17.12.2019","19,80","20,24","20,30","19,79","4,97M","-1,79%"
"16.12.2019","20,16","20,40","20,66","20,16","5,51M","-1,37%"
"13.12.2019","20,44","20,34","20,46","20,10","5,37M","0,89%"
"12.12.2019","20,26","19,93","20,26","19,81","4,28M","2,07%"
"11.12.2019","19,85","19,64","19,85","19,57","2,79M","1,12%"
"10.12.2019","19,63","19,98","20,02","19,57","3,59M","-1,65%"
"09.12.2019","19,96","20,10","20,18","19,88","2,84M","-0,89%"
"06.12.2019","20,14","20,10","20,26","19,84","2,64M","0,95%"
"05.12.2019","19,95","20,04","20,10","19,82","4,09M","0,30%"
"04.12.2019","19,89","20,16","20,30","19,81","4,98M","-1,34%"
"03.12.2019","20,16","20,66","20,66","20,10","5,50M","-2,61%"
"02.12.2019","20,70","20,04","20,70","20,04","7,98M","3,40%"
"29.11.2019","20,02","20,18","20,26","19,87","3,32M","-0,69%"
"28.11.2019","20,16","19,98","20,16","19,86","2,01M","1,31%"
"27.11.2019","19,90","19,70","19,95","19,67","4,39M","1,22%"
"26.11.2019","19,66","20,04","20,10","19,51","11,30M","-1,80%"
"25.11.2019","20,02","20,20","20,62","20,02","9,93M","-2,25%"
"22.11.2019","20,48","20,60","20,70","20,32","3,06M","-0,39%"
"21.11.2019","20,56","20,60","20,80","20,44","3,33M","-0,19%"
"20.11.2019","20,60","20,86","20,88","20,52","3,86M","-1,15%"
"19.11.2019","20,84","21,00","21,14","20,76","4,18M","0,10%"
"18.11.2019","20,82","20,66","21,00","20,60","3,56M","1,36%"
"15.11.2019","20,54","20,40","20,82","20,30","3,63M","1,88%"
"14.11.2019","20,16","20,20","20,38","20,06","7,60M","0,40%"
"13.11.2019","20,08","19,91","20,22","19,78","5,10M","0,90%"
"12.11.2019","19,90","20,00","20,46","19,90","4,78M","-0,35%"
"11.11.2019","19,97","20,00","20,22","19,76","3,48M","0,60%"
"08.11.2019","19,85","19,86","20,12","19,78","3,97M","0,00%"
"07.11.2019","19,85","19,48","19,85","19,37","2,43M","2,64%"
"06.11.2019","19,34","19,18","19,45","18,91","3,48M","0,78%"
"05.11.2019","19,19","19,10","19,19","18,91","1,94M","0,42%"
"04.11.2019","19,11","18,80","19,20","18,56","2,45M","3,13%"
"01.11.2019","18,53","18,88","18,88","18,31","2,44M","-1,07%"
"31.10.2019","18,73","18,76","18,90","18,70","3,95M","-0,05%"
"30.10.2019","18,74","18,67","18,96","18,44","5,22M","0,37%"
"28.10.2019","18,67","18,75","18,98","18,67","2,01M","-0,37%"
"25.10.2019","18,74","18,62","18,89","18,61","1,79M","0,21%"
"24.10.2019","18,70","18,60","18,72","18,42","2,69M","1,03%"
"23.10.2019","18,51","18,33","18,54","18,20","2,70M","1,70%"
"22.10.2019","18,20","17,87","18,22","17,80","2,27M","1,96%"
"21.10.2019","17,85","18,35","18,35","17,69","3,01M","-2,72%"
"18.10.2019","18,35","18,18","18,56","18,13","4,94M","2,17%"
"17.10.2019","17,96","17,68","17,99","17,34","5,00M","2,05%"
"16.10.2019","17,60","17,49","17,75","16,88","6,27M","-0,28%"
"15.10.2019","17,65","17,78","17,92","17,64","3,47M","0,28%"
"14.10.2019","17,60","18,09","18,09","16,99","7,60M","-3,51%"
"11.10.2019","18,24","18,28","18,39","18,10","3,32M","0,05%"
"10.10.2019","18,23","18,52","18,64","17,89","6,04M","-0,98%"
"09.10.2019","18,41","19,25","19,30","18,41","6,30M","-4,26%"
"08.10.2019","19,23","19,00","19,30","18,91","9,13M","0,68%"
"07.10.2019","19,10","18,78","19,43","18,70","5,22M","1,70%"
"04.10.2019","18,78","18,82","19,00","18,75","2,28M","-0,11%"
"03.10.2019","18,80","18,86","19,13","18,71","3,20M","-0,21%"
"02.10.2019","18,84","18,65","18,98","18,60","4,17M","0,48%"
"01.10.2019","18,75","19,00","19,02","18,55","6,47M","-0,85%"
"30.09.2019","18,91","19,31","19,59","18,91","2,83M","-1,20%"
"27.09.2019","19,14","18,70","19,15","18,64","3,45M","2,35%"
"26.09.2019","18,70","18,64","18,77","18,37","4,25M","0,43%"
"25.09.2019","18,62","18,54","18,69","18,40","6,05M","0,43%"
"24.09.2019","18,54","18,27","18,55","18,18","6,63M","3,06%"
"23.09.2019","17,99","18,15","18,16","17,81","1,82M","-0,44%"
"20.09.2019","18,07","18,11","18,33","17,97","4,13M","-0,44%"
"19.09.2019","18,15","18,33","18,35","17,86","3,00M","-0,55%"
"18.09.2019","18,25","18,32","18,38","18,00","2,82M","-0,38%"
"17.09.2019","18,32","18,72","18,82","18,31","2,61M","-2,14%"
"16.09.2019","18,72","18,40","18,80","18,31","2,72M","1,63%"
"13.09.2019","18,42","18,50","18,53","18,33","1,50M","-0,16%"
"12.09.2019","18,45","18,61","18,64","18,35","2,97M","-0,59%"
"11.09.2019","18,56","18,28","18,68","18,23","2,71M","1,53%"
"10.09.2019","18,28","18,07","18,28","17,96","2,21M","0,88%"
"09.09.2019","18,12","18,18","18,31","18,03","1,93M","0,55%"
"06.09.2019","18,02","18,39","18,39","17,90","3,20M","-1,96%"
"05.09.2019","18,38","18,21","18,38","18,11","3,15M","1,55%"
"04.09.2019","18,10","18,18","18,27","17,97","2,96M","0,56%"
"03.09.2019","18,00","17,77","18,16","17,64","4,05M","1,24%"
"02.09.2019","17,78","17,46","18,03","17,32","3,72M","1,66%"
"29.08.2019","17,49","17,48","17,76","17,36","4,34M","0,58%"
"28.08.2019","17,39","17,42","17,51","17,03","3,33M","-0,17%"
"27.08.2019","17,42","17,77","17,79","17,42","5,47M","-1,80%"
"26.08.2019","17,74","17,70","17,81","17,50","1,80M","-0,78%"
"23.08.2019","17,88","17,45","17,88","17,26","3,13M","2,94%"
"22.08.2019","17,37","17,56","17,59","17,08","3,92M","-0,74%"
"21.08.2019","17,50","17,50","17,71","17,40","3,20M","-0,46%"
"20.08.2019","17,58","17,35","17,64","17,15","3,24M","1,21%"
"19.08.2019","17,37","18,04","18,39","17,37","3,32M","-3,55%"
"16.08.2019","18,01","17,98","18,29","17,84","6,45M","1,64%"
"15.08.2019","17,72","18,16","18,25","17,61","5,02M","-1,83%"
"09.08.2019","18,05","18,42","18,42","17,91","2,00M","-0,77%"
"08.08.2019","18,19","18,00","18,29","17,80","3,17M","2,08%"
"07.08.2019","17,82","18,27","18,69","17,68","3,95M","-2,62%"
"06.08.2019","18,30","18,00","18,61","18,00","2,81M","1,55%"
"05.08.2019","18,02","18,10","18,32","18,00","2,08M","-0,83%"
"02.08.2019","18,17","18,60","18,64","18,11","2,75M","-2,73%"
"01.08.2019","18,68","18,63","18,77","18,35","2,18M","-0,21%"
"31.07.2019","18,72","18,65","18,82","18,26","3,12M","0,27%"
"30.07.2019","18,67","19,20","19,20","18,53","3,31M","-2,20%"
"29.07.2019","19,09","19,13","19,16","18,86","1,76M","0,10%"
"26.07.2019","19,07","19,10","19,33","18,89","3,22M","-0,16%"
"25.07.2019","19,10","19,30","19,36","18,79","3,34M","-1,04%"
"24.07.2019","19,30","19,20","19,30","18,98","2,67M","0,89%"
"23.07.2019","19,13","18,68","19,20","18,58","3,19M","2,30%"
"22.07.2019","18,70","18,90","18,94","18,57","3,99M","-1,37%"
"19.07.2019","18,96","18,93","19,07","18,77","7,35M","0,80%"
"18.07.2019","18,81","18,35","18,85","18,22","4,76M","2,45%"
"17.07.2019","18,36","18,20","18,50","18,20","2,12M","0,71%"
"16.07.2019","18,23","18,00","18,39","17,86","4,18M","1,39%"
"12.07.2019","17,98","18,22","18,31","17,90","3,75M","-1,32%"
"11.07.2019","18,22","17,97","18,22","17,86","3,46M","1,67%"
"10.07.2019","17,92","17,37","17,94","17,33","3,80M","2,63%"
"09.07.2019","17,46","17,64","17,69","17,33","2,60M","-1,02%"
"08.07.2019","17,64","17,50","17,80","17,38","2,71M","-0,68%"
"05.07.2019","17,76","17,69","17,85","17,48","2,72M","-0,17%"
"04.07.2019","17,79","18,03","18,09","17,69","1,65M","-1,55%"
"03.07.2019","18,07","18,00","18,07","17,83","2,04M","0,61%"
"02.07.2019","17,96","17,86","18,04","17,73","2,37M","0,56%"
"01.07.2019","17,86","17,64","18,00","17,61","2,72M","1,82%"
"28.06.2019","17,54","17,37","17,66","17,28","3,24M","0,98%"
"27.06.2019","17,37","17,46","17,68","17,37","3,22M","-0,63%"
"26.06.2019","17,48","17,80","17,84","17,38","3,22M","-1,80%"
"25.06.2019","17,80","17,54","17,99","17,52","4,22M","1,14%"
"24.06.2019","17,60","17,74","17,91","17,37","4,10M","2,03%"
"21.06.2019","17,25","17,52","17,57","17,17","6,60M","-1,93%"
"20.06.2019","17,59","17,84","17,91","17,41","6,77M","1,09%"
"19.06.2019","17,40","17,49","17,60","17,17","6,64M","-0,46%"
"18.06.2019","17,48","16,69","17,50","16,66","11,48M","4,92%"
"17.06.2019","16,66","16,22","16,83","16,22","7,87M","1,71%"
"14.06.2019","16,38","16,25","16,64","16,03","4,64M","0,80%"
"13.06.2019","16,25","16,57","16,66","16,13","3,79M","-1,93%"
"12.06.2019","16,57","16,45","16,84","16,45","4,18M","0,55%"
"11.06.2019","16,48","16,59","16,75","16,42","4,65M","-0,24%"
"10.06.2019","16,52","16,76","16,94","16,25","5,31M","-1,73%"
"07.06.2019","16,81","15,95","16,84","15,83","6,63M","5,39%"
"03.06.2019","15,95","16,18","16,21","15,86","1,23M","-1,73%"
"31.05.2019","16,23","16,00","16,25","15,77","4,08M","1,44%"
"30.05.2019","16,00","15,55","16,23","15,55","8,14M","3,63%"
"29.05.2019","15,44","15,27","15,55","15,27","4,46M","1,18%"
"28.05.2019","15,26","15,13","15,76","15,13","10,08M","1,33%"
"27.05.2019","15,06","15,20","15,24","14,99","1,99M","-0,53%"
"24.05.2019","15,14","14,89","15,20","14,89","3,61M","1,95%"
"23.05.2019","14,85","14,53","14,98","14,53","3,88M","1,78%"
"22.05.2019","14,59","14,78","15,00","14,55","3,30M","-1,22%"
"21.05.2019","14,77","15,19","15,22","14,76","3,10M","-2,44%"
"20.05.2019","15,14","15,21","15,25","15,06","2,38M","-0,07%"
"17.05.2019","15,15","15,40","15,60","15,15","3,80M","-2,13%"
"16.05.2019","15,48","15,34","15,68","15,34","6,83M","1,04%"
"15.05.2019","15,32","15,45","15,48","15,08","3,14M","-0,84%"
"14.05.2019","15,45","15,11","15,54","14,91","4,93M","2,86%"
"13.05.2019","15,02","15,30","15,38","14,77","4,82M","-1,83%"
"10.05.2019","15,30","15,31","15,50","15,09","5,46M","-0,07%"
"09.05.2019","15,31","15,30","15,45","15,08","5,26M","0,07%"
"08.05.2019","15,30","15,55","15,63","15,21","6,37M","-1,29%"
"07.05.2019","15,50","15,75","15,99","15,50","6,91M","-4,14%"
"06.05.2019","16,17","16,25","16,25","15,77","2,86M","-1,34%"
"03.05.2019","16,39","16,53","16,55","16,30","3,41M","-0,67%"
"02.05.2019","16,50","16,24","16,59","16,09","4,54M","1,85%"
"30.04.2019","16,20","16,15","16,30","16,10","9,80M","0,31%"
"29.04.2019","16,15","16,37","16,49","16,08","5,31M","-0,98%"
"26.04.2019","16,31","16,45","16,46","16,19","4,70M","-0,31%"
"25.04.2019","16,36","16,57","16,88","16,07","6,33M","-1,98%"
"24.04.2019","16,69","16,92","17,03","16,64","7,44M","-1,30%"
"22.04.2019","16,91","16,80","17,10","16,74","1,68M","0,06%"
"19.04.2019","16,90","16,93","17,00","16,78","1,06M","0,30%"
"18.04.2019","16,85","17,02","17,25","16,85","3,38M","-1,00%"
"17.04.2019","17,02","16,54","17,20","16,50","4,65M","3,47%"
"16.04.2019","16,45","16,30","16,66","16,24","5,99M","1,29%"
"15.04.2019","16,24","16,54","16,72","16,23","2,60M","-1,87%"
"12.04.2019","16,55","16,65","16,76","16,38","3,21M","-0,54%"
"11.04.2019","16,64","16,75","17,09","16,64","3,00M","-0,66%"
"10.04.2019","16,75","17,12","17,22","16,71","1,79M","-2,16%"
"09.04.2019","17,12","16,93","17,22","16,93","2,10M","1,66%"
"08.04.2019","16,84","17,22","17,24","16,80","1,86M","-2,21%"
"05.04.2019","17,22","18,01","18,01","17,05","3,97M","-0,29%"
"04.04.2019","17,27","16,52","17,27","16,49","4,02M","4,54%"
"03.04.2019","16,52","16,54","16,76","16,42","2,85M","0,98%"
"02.04.2019","16,36","16,01","16,79","15,93","5,69M","1,93%"
"01.04.2019","16,05","15,75","16,72","15,46","6,74M","2,29%"
"29.03.2019","15,69","15,62","15,90","15,12","6,66M","1,10%"
"28.03.2019","15,52","15,59","16,38","15,38","9,21M","-0,32%"
"27.03.2019","15,57","16,75","16,85","15,18","11,91M","-6,99%"
"26.03.2019","16,74","17,27","17,38","16,55","7,36M","-2,84%"
"25.03.2019","17,23","17,44","17,67","17,12","4,28M","-0,98%"
"22.03.2019","17,40","17,68","17,71","17,15","5,05M","-2,08%"
"21.03.2019","17,77","17,89","17,90","17,54","4,18M","-0,45%"
"20.03.2019","17,85","17,84","18,18","17,73","1,89M","-0,89%"
"19.03.2019","18,01","17,64","18,24","17,43","4,48M","-1,04%"
"18.03.2019","18,20","18,40","18,43","18,09","3,41M","-0,98%"
"15.03.2019","18,38","18,49","18,49","18,04","5,32M","1,55%"
"14.03.2019","18,10","18,10","18,17","17,96","2,15M","-0,39%"
"13.03.2019","18,17","18,09","18,25","17,93","2,41M","0,44%"
"12.03.2019","18,09","17,88","18,27","17,74","3,87M","1,80%"
"11.03.2019","17,77","18,08","18,12","17,69","3,15M","-1,55%"
"08.03.2019","18,05","18,25","18,25","17,95","2,52M","-1,04%"
"07.03.2019","18,24","18,31","18,52","18,21","4,29M","-0,92%"
"06.03.2019","18,41","18,66","18,78","18,41","2,42M","-1,13%"
"05.03.2019","18,62","18,56","18,82","18,38","2,82M","0,05%"
"04.03.2019","18,61","18,40","18,82","18,21","6,59M","1,14%"
"01.03.2019","18,40","18,65","18,97","18,16","5,08M","-1,29%"
"28.02.2019","18,64","18,61","18,82","18,54","5,49M","-0,05%"
"27.02.2019","18,65","18,67","18,73","18,28","3,44M","-0,11%"
"26.02.2019","18,67","18,35","18,71","18,31","3,28M","0,92%"
"25.02.2019","18,50","18,40","18,70","18,38","4,59M","1,82%"
"22.02.2019","18,17","17,62","18,24","17,50","5,45M","3,12%"
"21.02.2019","17,62","17,70","17,75","17,39","3,57M","-0,45%"
"20.02.2019","17,70","17,40","17,83","17,33","4,73M","2,25%"
"19.02.2019","17,31","17,31","17,42","16,90","2,31M","-0,06%"
"18.02.2019","17,32","17,85","17,86","17,16","4,77M","-1,87%"
"15.02.2019","17,65","17,11","17,65","17,11","4,21M","2,62%"
"14.02.2019","17,20","17,27","17,39","17,05","2,99M","0,70%"
"13.02.2019","17,08","17,58","17,64","17,07","3,63M","-2,40%"
"12.02.2019","17,50","17,26","17,50","17,26","1,38M","1,39%"
"11.02.2019","17,26","17,35","17,64","17,21","2,23M","0,58%"
"08.02.2019","17,16","17,02","17,19","16,94","1,68M","-0,29%"
"07.02.2019","17,21","17,72","17,72","16,93","2,95M","-1,66%"
"06.02.2019","17,50","17,30","17,59","17,03","2,98M","1,33%"
"05.02.2019","17,27","16,99","17,36","16,99","1,54M","1,71%"
"04.02.2019","16,98","16,99","17,26","16,85","3,52M","-0,12%"
"01.02.2019","17,00","17,30","17,49","16,98","2,38M","-1,73%"
"31.01.2019","17,30","17,41","17,75","17,21","3,97M","0,12%"
"30.01.2019","17,28","17,32","17,53","17,18","4,28M","-0,75%"
"29.01.2019","17,41","16,84","17,41","16,83","3,34M","3,02%"
"28.01.2019","16,90","16,94","17,08","16,86","3,23M","-0,53%"
"25.01.2019","16,99","17,10","17,21","16,81","7,11M","-0,64%"
"24.01.2019","17,10","16,46","17,10","16,40","4,95M","3,95%"
"23.01.2019","16,45","16,19","16,78","16,14","5,55M","1,61%"
"22.01.2019","16,19","15,74","16,19","15,72","2,75M","2,60%"
"21.01.2019","15,78","16,22","16,24","15,70","4,49M","-2,71%"
"18.01.2019","16,22","15,56","16,27","15,43","4,15M","3,84%"
"17.01.2019","15,62","15,51","15,71","15,33","2,68M","1,49%"
"16.01.2019","15,39","15,04","15,39","14,85","3,46M","2,53%"
"15.01.2019","15,01","15,10","15,25","14,94","2,78M","0,40%"
"14.01.2019","14,95","14,98","14,99","14,70","2,16M","-0,20%"
"11.01.2019","14,98","14,76","15,04","14,74","2,99M","1,77%"
"10.01.2019","14,72","14,54","14,95","14,38","4,19M","1,24%"
"09.01.2019","14,54","14,15","14,57","14,08","2,82M","2,76%"
"08.01.2019","14,15","13,75","14,15","13,64","3,49M","2,76%"
"07.01.2019","13,77","13,68","13,77","13,62","3,98M","1,03%"
"04.01.2019","13,63","13,65","13,85","13,55","3,90M","-1,23%"
"03.01.2019","13,80","14,04","14,28","13,80","4,47M","-2,68%"
"02.01.2019","14,18","14,13","14,27","13,96","4,39M","-0,14%"
"31.12.2018","14,20","14,13","14,23","14,01","1,59M","1,21%"
"28.12.2018","14,03","14,09","14,24","13,95","2,17M","-0,14%"
"27.12.2018","14,05","14,38","14,38","13,99","2,85M","-1,75%"
"26.12.2018","14,30","14,30","14,39","14,21","562,13K","-0,07%"
"25.12.2018","14,31","14,15","14,31","14,14","427,26K","0,00%"
"24.12.2018","14,31","14,26","14,46","14,25","1,12M","0,28%"
"21.12.2018","14,27","14,17","14,36","14,00","3,68M","0,07%"
"20.12.2018","14,26","14,27","14,27","14,10","2,55M","-0,97%"
"19.12.2018","14,40","14,32","14,40","14,07","3,22M","0,56%"
"18.12.2018","14,32","14,30","14,45","14,14","2,03M","-0,42%"
"17.12.2018","14,38","14,52","14,52","14,27","1,90M","0,35%"
"14.12.2018","14,33","14,24","14,60","14,11","5,09M","0,56%"
"13.12.2018","14,25","14,04","14,36","13,97","3,52M","2,15%"
"12.12.2018","13,95","14,44","14,50","13,82","6,66M","-3,19%"
"11.12.2018","14,41","14,69","14,90","14,41","3,33M","-1,71%"
"10.12.2018","14,66","14,90","15,02","14,66","2,02M","-2,91%"
"07.12.2018","15,10","15,25","15,32","15,07","1,66M","0,27%"
"06.12.2018","15,06","15,01","15,13","14,85","3,93M","-0,46%"
"05.12.2018","15,13","15,26","15,38","15,07","3,86M","-0,72%"
"04.12.2018","15,24","15,16","15,63","14,98","4,86M","0,26%"
"03.12.2018","15,20","15,49","15,80","15,20","4,17M","-1,17%"
"30.11.2018","15,38","15,30","15,38","15,05","6,25M","0,52%"
"29.11.2018","15,30","14,96","15,38","14,85","5,78M","3,45%"
"28.11.2018","14,79","14,13","14,79","14,13","5,40M","5,12%"
"27.11.2018","14,07","14,49","14,49","14,01","4,05M","-3,03%"
"26.11.2018","14,51","14,24","14,72","14,15","4,92M","2,91%"
"23.11.2018","14,10","14,14","14,18","14,03","1,80M","-0,14%"
"22.11.2018","14,12","14,36","14,41","14,07","2,60M","-1,60%"
"21.11.2018","14,35","14,50","14,55","14,15","3,41M","-0,69%"
"20.11.2018","14,45","14,95","14,95","14,27","3,55M","-3,67%"
"19.11.2018","15,00","15,04","15,10","14,94","2,41M","-0,27%"
"16.11.2018","15,04","15,11","15,22","14,88","2,57M","0,13%"
"15.11.2018","15,02","15,19","15,20","14,83","2,42M","-0,79%"
"14.11.2018","15,14","14,98","15,26","14,76","2,81M","1,14%"
"13.11.2018","14,97","14,82","15,08","14,59","2,78M","1,01%"
"12.11.2018","14,82","15,28","15,31","14,77","3,17M","-3,64%"
"09.11.2018","15,38","15,42","15,42","15,02","3,81M","-0,52%"
"08.11.2018","15,46","15,60","15,64","15,24","6,23M","-0,45%"
"07.11.2018","15,53","15,57","15,60","15,40","3,44M","-0,77%"
"06.11.2018","15,65","15,74","15,82","15,39","3,90M","-0,89%"
"05.11.2018","15,79","15,21","15,79","14,91","4,20M","3,95%"
"02.11.2018","15,19","15,36","15,40","15,10","4,14M","-0,85%"
"01.11.2018","15,32","15,50","15,69","15,22","4,44M","-1,67%"
"31.10.2018","15,58","15,34","15,79","15,17","8,96M","1,70%"
"30.10.2018","15,32","15,58","15,65","15,23","4,93M","-1,79%"
"26.10.2018","15,60","15,50","15,87","15,49","5,73M","0,19%"
"25.10.2018","15,57","15,75","16,03","15,29","5,08M","-1,46%"
"24.10.2018","15,80","15,73","15,90","15,40","3,10M","1,22%"
"23.10.2018","15,61","15,69","15,80","15,28","3,09M","-0,57%"
"22.10.2018","15,70","15,92","16,00","15,69","6,81M","-0,63%"
"19.10.2018","15,80","16,45","16,45","15,80","6,36M","-3,36%"
"18.10.2018","16,35","16,53","16,66","16,24","3,08M","-0,91%"
"17.10.2018","16,50","16,46","16,53","16,21","5,01M","0,43%"
"16.10.2018","16,43","16,65","16,66","16,39","4,23M","-1,08%"
"15.10.2018","16,61","16,70","16,77","16,30","6,17M","-0,06%"
"12.10.2018","16,62","16,47","16,89","16,11","8,46M","1,03%"
"11.10.2018","16,45","16,30","16,65","16,01","5,11M","0,92%"
"10.10.2018","16,30","16,53","16,87","16,10","8,21M","-1,21%"
"09.10.2018","16,50","16,04","16,58","16,04","5,47M","2,80%"
"08.10.2018","16,05","15,65","16,24","15,65","5,29M","0,25%"
"05.10.2018","16,01","16,07","16,29","15,88","6,72M","-1,05%"
"04.10.2018","16,18","16,47","16,62","16,18","8,20M","-2,53%"
"03.10.2018","16,60","16,55","16,60","16,26","5,90M","-1,48%"
"02.10.2018","16,85","16,78","16,88","16,44","3,70M","-0,53%"
"01.10.2018","16,94","17,03","17,31","16,73","3,00M","-0,70%"
"28.09.2018","17,06","16,98","17,17","16,76","4,85M","0,00%"
"27.09.2018","17,06","16,77","17,19","16,75","4,29M","1,43%"
"26.09.2018","16,82","17,40","17,40","16,74","3,64M","-3,05%"
"25.09.2018","17,35","17,10","17,35","16,87","4,89M","1,46%"
"24.09.2018","17,10","17,35","17,35","16,76","5,30M","-0,18%"
"21.09.2018","17,13","16,78","17,16","16,73","8,32M","2,70%"
"20.09.2018","16,68","16,50","16,74","16,31","4,11M","1,46%"
"19.09.2018","16,44","16,49","16,58","16,11","4,50M","0,37%"
"18.09.2018","16,38","16,31","16,50","16,25","3,18M","1,05%"
"17.09.2018","16,21","16,19","16,52","16,05","4,77M","-0,06%"
"14.09.2018","16,22","16,05","16,41","15,82","6,01M","2,01%"
"13.09.2018","15,90","15,55","16,00","15,37","5,55M","1,79%"
"12.09.2018","15,62","15,70","15,79","15,46","3,17M","0,39%"
"11.09.2018","15,56","15,23","15,71","15,23","4,49M","2,23%"
"10.09.2018","15,22","15,46","15,50","15,13","3,53M","-1,17%"
"07.09.2018","15,40","14,95","15,55","14,95","4,81M","3,15%"
"06.09.2018","14,93","15,00","15,43","14,93","3,72M","-0,67%"
"05.09.2018","15,03","14,91","15,22","14,91","3,23M","0,27%"
"04.09.2018","14,99","15,02","15,27","14,87","3,51M","0,00%"
"03.09.2018","14,99","14,84","15,32","14,84","3,97M","0,07%"
"31.08.2018","14,98","15,02","15,14","14,73","5,19M","0,13%"
"29.08.2018","14,96","15,02","15,38","14,96","4,98M","-1,12%"
"28.08.2018","15,13","14,62","15,24","14,62","7,00M","2,37%"
"27.08.2018","14,78","14,90","15,31","14,62","7,05M","-1,14%"
"20.08.2018","14,95","14,91","15,14","14,83","4,89M","0,67%"
"17.08.2018","14,85","14,29","14,88","14,20","8,01M","3,63%"
"16.08.2018","14,33","14,85","14,90","14,30","11,03M","-3,18%"
"15.08.2018","14,80","14,56","15,01","14,32","16,95M","3,14%"
"14.08.2018","14,35","14,31","14,48","14,04","9,46M","0,63%"
"13.08.2018","14,26","13,44","14,26","13,27","16,55M","4,16%"
"10.08.2018","13,69","13,27","13,75","12,90","17,88M","2,55%"
"09.08.2018","13,35","13,16","13,65","13,12","5,88M","-0,52%"
"08.08.2018","13,42","13,55","13,60","13,31","6,44M","-0,96%"
"07.08.2018","13,55","13,31","13,62","13,23","4,34M","2,11%"
"06.08.2018","13,27","13,36","13,48","13,20","4,59M","-1,34%"
"03.08.2018","13,45","13,41","13,54","13,33","4,27M","0,00%"
"02.08.2018","13,45","13,80","13,80","13,44","3,87M","-3,86%"
"01.08.2018","13,99","13,97","14,01","13,59","5,56M","0,58%"
"31.07.2018","13,91","13,45","13,91","13,45","5,35M","2,96%"
"30.07.2018","13,51","13,44","13,54","13,31","4,06M","0,30%"
"27.07.2018","13,47","13,45","13,52","13,25","4,87M","-0,07%"
"26.07.2018","13,48","13,34","13,58","13,21","5,07M","1,28%"
"25.07.2018","13,31","12,89","13,41","12,86","5,81M","3,66%"
"24.07.2018","12,84","13,16","13,28","12,80","6,61M","-2,43%"
"23.07.2018","13,16","13,15","13,30","13,12","3,18M","0,77%"
"20.07.2018","13,06","13,05","13,14","12,91","4,43M","0,08%"
"19.07.2018","13,05","12,62","13,08","12,62","7,46M","3,57%"
"18.07.2018","12,60","12,64","12,66","12,36","8,35M","0,08%"
"17.07.2018","12,59","12,83","12,84","12,45","12,59M","-1,79%"
"16.07.2018","12,82","12,72","12,87","12,55","4,03M","1,18%"
"13.07.2018","12,67","12,63","12,87","12,58","6,92M","0,48%"
"12.07.2018","12,61","12,90","12,93","12,35","22,11M","-1,02%"
"11.07.2018","12,74","13,68","13,68","12,71","11,76M","-6,94%"
"10.07.2018","13,69","13,99","13,99","13,64","8,47M","-3,32%"
"09.07.2018","14,16","14,18","14,37","14,01","5,70M","0,64%"
"06.07.2018","14,07","14,15","14,27","14,02","3,93M","-0,64%"
"05.07.2018","14,16","14,14","14,31","13,99","5,53M","0,50%"
"04.07.2018","14,09","14,07","14,20","14,02","2,90M","0,28%"
"03.07.2018","14,05","14,43","14,44","13,99","4,04M","-2,36%"
"02.07.2018","14,39","14,08","14,58","13,89","5,29M","1,20%"
"29.06.2018","14,22","14,00","14,37","14,00","7,30M","2,16%"
"28.06.2018","13,92","13,94","14,19","13,86","5,40M","-0,22%"
"27.06.2018","13,95","13,51","14,00","13,50","6,66M","3,03%"
"26.06.2018","13,54","13,79","13,86","13,50","5,71M","-1,31%"
"25.06.2018","13,72","14,70","14,85","13,67","9,36M","-5,05%"
"22.06.2018","14,45","14,41","14,96","14,26","9,30M","0,35%"
"21.06.2018","14,40","14,11","14,49","14,04","7,21M","1,34%"
"20.06.2018","14,21","14,16","14,33","13,99","7,06M","0,07%"
"19.06.2018","14,20","13,79","14,24","13,69","6,88M","2,45%"
"18.06.2018","13,86","13,92","14,02","13,79","4,87M","-0,65%"
"14.06.2018","13,95","13,87","14,29","13,76","4,63M","0,50%"
"13.06.2018","13,88","14,09","14,35","13,86","5,44M","-2,05%"
"12.06.2018","14,17","14,48","14,50","14,02","6,55M","-3,34%"
"11.06.2018","14,66","14,19","14,79","13,87","10,37M","4,34%"
"08.06.2018","14,05","14,19","14,23","13,91","6,26M","-1,47%"
"07.06.2018","14,26","13,70","14,35","13,70","7,19M","3,33%"
"06.06.2018","13,80","14,10","14,12","13,60","7,56M","-1,99%"
"05.06.2018","14,08","14,18","14,20","13,97","5,43M","-0,14%"
"04.06.2018","14,10","13,95","14,24","13,95","9,00M","1,08%"
"01.06.2018","13,95","13,99","14,05","13,71","13,33M","-0,14%"
"31.05.2018","13,97","14,72","14,75","13,97","15,82M","-4,32%"
"30.05.2018","14,60","14,65","14,87","14,49","13,48M","-0,07%"
"29.05.2018","14,61","15,05","15,05","14,49","10,62M","-2,99%"
"28.05.2018","15,06","14,25","15,15","14,23","23,60M","6,73%"
"25.05.2018","14,11","13,88","14,27","13,74","10,31M","2,47%"
"24.05.2018","13,77","13,58","13,87","13,52","10,40M","2,08%"
"23.05.2018","13,49","13,55","13,72","13,40","7,58M","-0,30%"
"22.05.2018","13,53","13,61","13,70","13,36","7,70M","-0,37%"
"21.05.2018","13,58","13,82","13,93","13,48","7,13M","-1,88%"
"18.05.2018","13,84","13,30","13,84","13,30","11,34M","4,14%"
"17.05.2018","13,29","13,05","13,36","13,02","12,30M","1,76%"
"16.05.2018","13,06","13,41","13,44","13,06","9,98M","-2,97%"
"15.05.2018","13,46","13,72","13,76","13,31","5,71M","-3,03%"
"14.05.2018","13,88","13,60","13,98","13,54","5,76M","2,66%"
"11.05.2018","13,52","13,72","13,78","13,41","5,63M","-1,46%"
"10.05.2018","13,72","13,40","13,74","13,14","5,95M","2,77%"
"09.05.2018","13,35","12,98","13,52","12,81","10,80M","2,30%"
"08.05.2018","13,05","13,74","13,74","13,00","19,88M","-4,81%"
"07.05.2018","13,71","13,81","13,81","13,50","8,78M","-0,58%"
"04.05.2018","13,79","13,35","13,86","13,31","9,05M","3,22%"
"03.05.2018","13,36","13,72","13,73","13,35","7,58M","-2,98%"
"02.05.2018","13,77","13,65","13,95","13,47","8,03M","0,36%"
"30.04.2018","13,72","14,26","14,27","13,52","7,07M","-3,18%"
"27.04.2018","14,17","13,50","14,34","13,50","10,32M","1,65%"
"26.04.2018","13,94","13,91","14,12","13,84","6,44M","0,43%"
"25.04.2018","13,88","14,52","14,55","13,77","8,33M","-4,34%"
"24.04.2018","14,51","14,84","14,84","14,43","4,05M","-2,09%"
"20.04.2018","14,82","15,06","15,12","14,70","5,03M","-2,18%"
"19.04.2018","15,15","15,14","15,19","14,97","5,66M","-0,20%"
"18.04.2018","15,18","14,76","15,20","14,50","18,82M","2,57%"
"17.04.2018","14,80","14,88","14,95","14,50","9,66M","0,68%"
"16.04.2018","14,70","14,88","15,04","14,69","8,59M","-1,01%"
"13.04.2018","14,85","15,00","15,01","14,85","4,40M","-0,47%"
"12.04.2018","14,92","15,24","15,25","14,82","10,75M","-2,29%"
"11.04.2018","15,27","15,53","15,66","15,10","7,36M","-1,86%"
"10.04.2018","15,56","15,77","15,78","15,32","3,52M","-0,77%"
"09.04.2018","15,68","15,80","15,80","15,57","3,26M","-0,32%"
"06.04.2018","15,73","15,98","15,99","15,72","4,92M","-1,99%"
"05.04.2018","16,05","15,63","16,05","15,60","3,72M","2,69%"
"04.04.2018","15,63","15,65","15,69","15,46","4,97M","-0,13%"
"03.04.2018","15,65","15,94","15,95","15,60","5,84M","-2,07%"
"02.04.2018","15,98","16,12","16,13","15,85","953,55K","-0,06%"
"30.03.2018","15,99","16,05","16,06","15,94","1,13M","0,31%"
"29.03.2018","15,94","15,57","16,04","15,53","5,76M","2,38%"
"28.03.2018","15,57","15,50","15,71","15,44","6,22M","0,00%"
"27.03.2018","15,57","15,95","15,97","15,54","6,81M","-1,58%"
"26.03.2018","15,82","16,15","16,17","15,82","4,28M","-1,49%"
"23.03.2018","16,06","16,14","16,18","15,97","5,08M","-1,65%"
"22.03.2018","16,33","16,48","16,52","16,22","1,96M","-0,55%"
"21.03.2018","16,42","16,19","16,44","16,17","3,61M","1,61%"
"20.03.2018","16,16","16,34","16,36","16,06","3,09M","-0,62%"
"19.03.2018","16,26","16,54","16,64","16,24","3,23M","-2,40%"
"16.03.2018","16,66","16,24","16,66","16,21","7,18M","3,09%"
"15.03.2018","16,16","16,55","16,59","16,15","3,38M","-2,18%"
"14.03.2018","16,52","16,72","16,72","16,37","4,59M","-1,43%"
"13.03.2018","16,76","16,89","16,96","16,70","2,96M","-0,77%"
"12.03.2018","16,89","16,86","16,98","16,80","2,33M","0,54%"
"09.03.2018","16,80","17,03","17,08","16,75","2,40M","-1,18%"
"08.03.2018","17,00","17,13","17,17","16,92","1,54M","-0,87%"
"07.03.2018","17,15","17,04","17,17","16,91","1,54M","-0,06%"
"06.03.2018","17,16","17,04","17,24","16,99","1,94M","1,66%"
"05.03.2018","16,88","17,03","17,04","16,80","1,66M","-0,94%"
"02.03.2018","17,04","16,94","17,13","16,85","2,52M","-0,35%"
"01.03.2018","17,10","17,52","17,53","17,03","3,59M","-2,90%"
"28.02.2018","17,61","17,34","17,82","17,26","4,02M","1,32%"
"27.02.2018","17,38","17,48","17,49","17,28","2,62M","-0,34%"
"26.02.2018","17,44","17,37","17,52","17,36","2,14M","0,46%"
"23.02.2018","17,36","17,37","17,52","17,25","2,38M","0,40%"
"22.02.2018","17,29","17,20","17,35","16,96","3,12M","0,52%"
"21.02.2018","17,20","17,00","17,28","16,96","4,65M","1,18%"
"20.02.2018","17,00","17,22","17,44","16,95","1,40M","-1,28%"
"19.02.2018","17,22","17,37","17,60","17,17","1,58M","-0,63%"
"16.02.2018","17,33","17,16","17,46","17,15","1,52M","0,99%"
"15.02.2018","17,16","17,03","17,23","16,87","2,09M","2,02%"
"14.02.2018","16,82","17,22","17,35","16,78","3,93M","-2,04%"
"13.02.2018","17,17","17,39","17,49","17,10","2,43M","-1,49%"
"12.02.2018","17,43","17,03","17,54","16,97","2,46M","3,08%"
"09.02.2018","16,91","17,04","17,28","16,89","2,97M","-1,74%"
"08.02.2018","17,21","17,38","17,38","16,98","3,07M","-0,92%"
"07.02.2018","17,37","17,07","17,48","17,04","4,66M","1,88%"
"06.02.2018","17,05","17,35","17,35","16,95","2,90M","-2,24%"
"05.02.2018","17,44","17,79","17,80","17,31","2,63M","-1,97%"
"02.02.2018","17,79","17,99","18,08","17,73","2,17M","-1,22%"
"01.02.2018","18,01","17,88","18,17","17,82","3,02M","0,56%"
"31.01.2018","17,91","18,04","18,13","17,87","3,07M","-1,32%"
"30.01.2018","18,15","18,11","18,36","17,96","4,34M","0,00%"
"29.01.2018","18,15","18,15","18,31","17,91","3,41M","0,00%"
"26.01.2018","18,15","17,87","18,18","17,81","2,74M","1,85%"
"25.01.2018","17,82","18,20","18,20","17,82","3,27M","-2,14%"
"24.01.2018","18,21","18,42","18,42","18,01","4,76M","-1,46%"
"23.01.2018","18,48","18,62","18,62","18,21","2,86M","-0,27%"
"22.01.2018","18,53","18,11","18,60","18,03","2,52M","2,32%"
"19.01.2018","18,11","18,16","18,16","17,82","2,25M","-0,49%"
"18.01.2018","18,20","18,50","18,61","18,20","3,49M","-1,03%"
"17.01.2018","18,39","17,86","18,46","17,74","5,33M","3,14%"
"16.01.2018","17,83","17,62","17,97","17,62","4,50M","-0,17%"
"15.01.2018","17,86","17,96","18,28","17,82","2,33M","-1,22%"
"12.01.2018","18,08","18,24","18,30","17,82","5,20M","-0,93%"
"11.01.2018","18,25","17,96","18,25","17,91","4,37M","1,73%"
"10.01.2018","17,94","17,87","18,10","17,75","2,63M","-0,22%"
"09.01.2018","17,98","18,05","18,20","17,86","3,56M","-0,39%"
"08.01.2018","18,05","18,35","18,39","18,01","3,84M","-0,72%"
"05.01.2018","18,18","17,97","18,33","17,89","3,51M","1,17%"
"04.01.2018","17,97","18,29","18,48","17,79","3,56M","-1,75%"
"03.01.2018","18,29","18,93","18,99","18,29","3,27M","-2,87%"
"02.01.2018","18,83","18,19","18,86","18,03","3,49M","4,09%"
"29.12.2017","18,09","17,91","18,26","17,72","3,78M","1,29%"
"28.12.2017","17,86","17,25","17,86","17,19","1,97M","3,24%"
"27.12.2017","17,30","17,11","17,30","17,04","837,00K","1,05%"
"26.12.2017","17,12","17,28","17,28","17,08","407,77K","-0,52%"
"25.12.2017","17,21","17,04","17,21","16,99","362,35K","1,06%"
"22.12.2017","17,03","17,16","17,23","17,03","1,60M","-0,76%"
"21.12.2017","17,16","16,86","17,18","16,81","1,92M","1,66%"
"20.12.2017","16,88","17,04","17,04","16,76","3,26M","-1,00%"
"19.12.2017","17,05","17,22","17,32","17,04","1,49M","-0,99%"
"18.12.2017","17,22","17,25","17,55","17,15","2,54M","0,47%"
"15.12.2017","17,14","17,39","17,48","17,14","7,71M","-1,61%"
"14.12.2017","17,42","17,13","17,51","17,02","3,96M","1,40%"
"13.12.2017","17,18","17,53","17,58","17,02","1,66M","-1,60%"
"12.12.2017","17,46","17,39","17,46","17,13","3,35M","0,17%"
"11.12.2017","17,43","17,26","17,51","17,17","3,08M","1,28%"
"08.12.2017","17,21","17,40","17,60","17,21","3,00M","-0,41%"
"07.12.2017","17,28","16,90","17,36","16,64","5,22M","2,73%"
"06.12.2017","16,82","16,96","17,28","16,78","4,39M","-0,71%"
"05.12.2017","16,94","16,84","17,16","16,76","4,11M","1,13%"
"04.12.2017","16,75","16,13","16,75","16,08","3,74M","3,46%"
"01.12.2017","16,19","16,12","16,25","15,98","3,16M","0,31%"
"30.11.2017","16,14","15,92","16,34","15,79","9,59M","2,22%"
"29.11.2017","15,79","16,15","16,20","15,79","3,72M","-2,23%"
"28.11.2017","16,15","16,15","16,52","16,04","4,37M","0,00%"
"27.11.2017","16,15","16,20","16,30","15,95","1,70M","-0,12%"
"24.11.2017","16,17","16,34","16,34","16,08","2,12M","-1,10%"
"23.11.2017","16,35","16,46","16,70","16,22","3,65M","-0,55%"
"22.11.2017","16,44","16,26","16,44","16,03","2,40M","0,31%"
"21.11.2017","16,39","16,09","17,66","15,96","5,11M","0,99%"
"20.11.2017","16,23","16,44","16,63","15,94","2,67M","-1,64%"
"17.11.2017","16,50","16,58","16,78","16,42","2,27M","-0,24%"
"16.11.2017","16,54","16,59","16,73","16,38","2,91M","1,04%"
"15.11.2017","16,37","16,49","16,78","16,35","4,03M","-0,91%"
"14.11.2017","16,52","16,51","16,60","16,36","2,10M","0,61%"
"13.11.2017","16,42","16,45","16,63","16,07","4,86M","0,43%"
"10.11.2017","16,35","16,48","16,54","16,04","4,41M","-0,49%"
"09.11.2017","16,43","17,21","17,21","16,35","4,43M","-3,75%"
"08.11.2017","17,07","16,92","17,12","16,82","2,90M","0,89%"
"07.11.2017","16,92","17,39","17,47","16,92","4,39M","-2,70%"
"06.11.2017","17,39","17,13","17,74","16,98","3,94M","2,29%"
"03.11.2017","17,00","17,46","17,49","16,97","4,75M","-2,69%"
"02.11.2017","17,47","17,45","17,83","17,26","7,24M","1,57%"
"01.11.2017","17,20","16,66","17,32","16,60","7,29M","3,61%"
"31.10.2017","16,60","16,15","16,60","16,10","9,10M","3,23%"
"30.10.2017","16,08","16,18","16,21","16,04","3,14M","0,12%"
"27.10.2017","16,06","16,04","16,18","15,97","4,32M","-0,56%"
"26.10.2017","16,15","16,30","16,38","16,12","2,92M","-0,68%"
"25.10.2017","16,26","16,36","16,43","16,24","4,00M","-0,37%"
"24.10.2017","16,32","16,49","16,49","16,22","3,19M","0,37%"
"23.10.2017","16,26","16,26","16,35","16,17","3,09M","-0,37%"
"20.10.2017","16,32","16,32","16,36","16,18","1,61M","0,12%"
"19.10.2017","16,30","16,05","16,31","16,03","2,56M","2,13%"
"18.10.2017","15,96","16,14","16,19","15,96","3,06M","-0,87%"
"17.10.2017","16,10","16,01","16,17","15,91","2,48M","0,63%"
"16.10.2017","16,00","16,00","16,06","15,89","2,73M","0,13%"
"13.10.2017","15,98","16,04","16,10","15,85","5,06M","-0,06%"
"12.10.2017","15,99","16,06","16,16","15,93","5,02M","1,33%"
"11.10.2017","15,78","15,59","15,85","15,56","2,79M","1,02%"
"10.10.2017","15,62","15,43","15,75","15,30","6,09M","2,23%"
"09.10.2017","15,28","15,56","15,56","15,04","5,47M","-3,66%"
"06.10.2017","15,86","16,04","16,04","15,85","2,95M","-1,18%"
"05.10.2017","16,05","16,20","16,20","15,97","2,26M","-0,43%"
"04.10.2017","16,12","16,25","16,30","16,05","2,11M","-0,56%"
"03.10.2017","16,21","16,06","16,22","15,98","3,09M","0,93%"
"02.10.2017","16,06","15,98","16,15","15,97","3,18M","0,37%"
"29.09.2017","16,00","15,99","16,25","15,97","6,66M","0,00%"
"28.09.2017","16,00","15,94","16,05","15,74","5,58M","0,95%"
"27.09.2017","15,85","16,08","16,14","15,75","3,60M","-1,98%"
"26.09.2017","16,17","16,07","16,22","15,88","5,13M","0,94%"
"25.09.2017","16,02","16,17","16,24","15,91","3,41M","-1,48%"
"22.09.2017","16,26","16,35","16,38","16,14","3,10M","-0,31%"
"21.09.2017","16,31","16,48","16,50","16,23","2,55M","-1,15%"
"20.09.2017","16,50","16,53","16,53","16,31","3,74M","0,24%"
"19.09.2017","16,46","16,99","17,01","16,41","4,14M","-3,12%"
"18.09.2017","16,99","17,12","17,13","16,90","2,79M","-0,53%"
"15.09.2017","17,08","17,02","17,17","16,96","3,13M","0,65%"
"14.09.2017","16,97","16,95","17,03","16,85","1,85M","0,00%"
"13.09.2017","16,97","16,99","17,19","16,94","2,00M","-0,18%"
"12.09.2017","17,00","17,22","17,23","16,89","3,83M","-1,28%"
"11.09.2017","17,22","17,32","17,43","17,19","2,08M","-0,23%"
"08.09.2017","17,26","17,48","17,54","17,18","2,09M","-1,26%"
"07.09.2017","17,48","17,44","17,62","17,29","2,30M","0,23%"
"06.09.2017","17,44","17,25","17,48","17,07","3,43M","0,69%"
"05.09.2017","17,32","17,72","17,73","17,25","3,95M","-1,93%"
"31.08.2017","17,66","17,52","17,72","17,51","2,56M","-0,56%"
"29.08.2017","17,76","17,32","17,76","17,21","5,68M","2,48%"
"28.08.2017","17,33","17,24","17,33","17,10","1,17M","0,76%"
"25.08.2017","17,20","17,17","17,34","17,10","1,66M","0,12%"
"24.08.2017","17,18","17,36","17,47","17,05","2,00M","-1,04%"
"23.08.2017","17,36","17,38","17,55","17,36","6,21M","-0,12%"
"22.08.2017","17,38","17,19","17,40","17,09","7,04M","1,34%"
"21.08.2017","17,15","16,70","17,19","16,69","4,79M","2,51%"
"18.08.2017","16,73","16,70","16,77","16,57","2,31M","0,42%"
"17.08.2017","16,66","16,70","16,74","16,52","2,52M","0,12%"
"16.08.2017","16,64","16,75","16,86","16,40","3,77M","-0,48%"
"15.08.2017","16,72","17,03","17,08","16,71","3,62M","-1,53%"
"14.08.2017","16,98","16,59","17,02","16,57","3,15M","3,28%"
"11.08.2017","16,44","16,66","16,67","16,40","2,44M","-1,85%"
"10.08.2017","16,75","16,91","16,95","16,75","2,41M","-0,59%"
"09.08.2017","16,85","16,83","16,93","16,78","4,36M","0,00%"
"08.08.2017","16,85","16,90","16,90","16,69","3,11M","-0,30%"
"07.08.2017","16,90","16,89","16,92","16,77","3,34M","0,54%"
"04.08.2017","16,81","16,50","16,84","16,46","7,66M","1,88%"
"03.08.2017","16,50","16,20","16,60","16,20","9,80M","2,68%"
"02.08.2017","16,07","15,95","16,08","15,90","2,35M","0,88%"
"01.08.2017","15,93","16,08","16,15","15,87","3,14M","-0,62%"
"31.07.2017","16,03","16,08","16,13","15,88","3,97M","-0,31%"
"28.07.2017","16,08","16,17","16,20","16,01","3,93M","-0,86%"
"27.07.2017","16,22","16,23","16,33","16,18","4,11M","0,31%"
"26.07.2017","16,17","16,26","16,30","16,15","2,93M","-0,61%"
"25.07.2017","16,27","16,35","16,42","16,25","3,25M","-0,49%"
"24.07.2017","16,35","16,54","16,54","16,27","3,16M","-0,79%"
"21.07.2017","16,48","16,57","16,57","16,45","1,76M","-1,08%"
"20.07.2017","16,66","16,67","16,81","16,47","4,71M","-0,06%"
"19.07.2017","16,67","16,49","16,74","16,43","3,92M","1,58%"
"18.07.2017","16,41","16,60","16,61","16,41","2,75M","-1,38%"
"17.07.2017","16,64","16,30","16,67","16,29","5,56M","2,21%"
"14.07.2017","16,28","16,10","16,30","16,06","3,43M","1,12%"
"13.07.2017","16,10","16,13","16,19","15,97","5,77M","0,00%"
"12.07.2017","16,10","15,98","16,15","15,98","5,65M","0,75%"
"11.07.2017","15,98","15,90","16,07","15,84","9,00M","0,25%"
"10.07.2017","15,94","15,84","15,96","15,82","2,64M","1,21%"
"07.07.2017","15,75","15,84","15,86","15,70","2,91M","-0,44%"
"06.07.2017","15,82","15,89","15,97","15,81","3,79M","-0,50%"
"05.07.2017","15,90","15,96","15,97","15,86","4,35M","-0,38%"
"04.07.2017","15,96","15,76","15,97","15,73","6,43M","1,33%"
"03.07.2017","15,75","15,84","15,89","15,71","5,43M","-0,57%"
"30.06.2017","15,84","15,91","15,97","15,84","5,17M","-0,63%"
"29.06.2017","15,94","16,09","16,12","15,91","4,01M","-0,69%"
"28.06.2017","16,05","16,03","16,08","15,87","7,25M","0,00%"
"23.06.2017","16,05","16,29","16,31","15,99","7,95M","-1,71%"
"22.06.2017","16,33","16,34","16,34","16,21","2,60M","0,49%"
"21.06.2017","16,25","16,31","16,35","16,17","2,65M","-0,37%"
"20.06.2017","16,31","16,45","16,49","16,22","3,66M","-0,61%"
"19.06.2017","16,41","16,22","16,48","16,21","4,51M","1,36%"
"16.06.2017","16,19","16,25","16,27","16,01","4,93M","-0,31%"
"15.06.2017","16,24","16,37","16,37","16,17","4,64M","-0,79%"
"14.06.2017","16,37","16,25","16,39","16,20","4,26M","0,55%"
"13.06.2017","16,28","16,22","16,29","16,17","4,84M","0,93%"
"12.06.2017","16,13","16,14","16,25","16,07","4,74M","-0,74%"
"09.06.2017","16,25","16,27","16,41","16,25","6,99M","0,06%"
"08.06.2017","16,24","16,07","16,24","15,96","10,37M","1,37%"
"07.06.2017","16,02","15,88","16,13","15,81","16,53M","1,01%"
"06.06.2017","15,86","15,78","15,87","15,73","6,08M","0,51%"
"05.06.2017","15,78","15,89","15,94","15,71","9,79M","-0,44%"
"02.06.2017","15,85","15,73","15,86","15,70","18,02M","1,41%"
"01.06.2017","15,63","15,71","15,73","15,57","9,01M","-0,45%"
"31.05.2017","15,70","15,66","15,74","15,59","17,93M","0,64%"
"30.05.2017","15,60","15,77","15,78","15,60","18,38M","-0,95%"
"29.05.2017","15,75","15,75","15,81","15,73","10,95M","0,25%"
"26.05.2017","15,71","15,60","15,83","15,59","42,23M","0,90%"
"25.05.2017","15,57","15,96","16,05","15,51","71,89M","-6,54%"
"24.05.2017","16,66","16,59","16,82","16,58","4,51M","0,12%"
"23.05.2017","16,64","16,34","16,66","16,24","4,88M","1,71%"
"22.05.2017","16,36","16,40","16,45","16,27","4,26M","0,06%"
"18.05.2017","16,35","16,12","16,35","16,03","3,38M","1,11%"
"17.05.2017","16,17","16,34","16,50","16,16","3,70M","-1,52%"
"16.05.2017","16,42","16,35","16,42","16,24","3,21M","1,11%"
"15.05.2017","16,24","16,43","16,49","16,21","4,58M","-1,16%"
"12.05.2017","16,43","16,44","16,65","16,38","2,39M","-0,18%"
"11.05.2017","16,46","16,58","16,66","16,39","3,09M","-0,84%"
"10.05.2017","16,60","16,64","16,69","16,44","3,04M","-0,54%"
"09.05.2017","16,69","16,26","16,79","16,22","4,77M","2,08%"
"08.05.2017","16,35","16,40","16,44","16,25","2,64M","0,18%"
"05.05.2017","16,32","16,02","16,43","16,02","3,37M","1,56%"
"04.05.2017","16,07","16,20","16,24","16,05","3,55M","-0,99%"
"03.05.2017","16,23","16,13","16,23","16,09","2,72M","0,37%"
"02.05.2017","16,17","16,35","16,48","16,09","3,53M","-1,10%"
"28.04.2017","16,35","16,37","16,49","16,16","2,93M","-0,30%"
"27.04.2017","16,40","16,25","16,48","16,19","3,16M","0,92%"
"26.04.2017","16,25","16,36","16,36","16,11","4,15M","-0,67%"
"25.04.2017","16,36","16,26","16,36","16,07","5,16M","1,11%"
"24.04.2017","16,18","16,00","16,19","15,98","3,23M","1,89%"
"21.04.2017","15,88","15,75","15,91","15,72","2,83M","1,21%"
"20.04.2017","15,69","15,51","15,72","15,42","4,06M","1,16%"
"19.04.2017","15,51","15,41","15,63","15,33","4,20M","0,65%"
"18.04.2017","15,41","15,38","15,45","15,13","4,05M","0,00%"
"17.04.2017","15,41","15,20","15,44","15,17","1,63M","1,65%"
"14.04.2017","15,16","15,32","15,57","15,16","1,30M","-1,24%"
"13.04.2017","15,35","15,39","15,51","15,30","2,42M","-0,20%"
"12.04.2017","15,38","15,40","15,47","15,33","2,23M","-0,06%"
"11.04.2017","15,39","15,60","15,60","15,37","3,39M","-1,35%"
"10.04.2017","15,60","15,03","15,60","15,00","4,02M","4,21%"
"07.04.2017","14,97","15,22","15,26","14,97","3,45M","-2,22%"
"06.04.2017","15,31","15,32","15,33","15,18","4,34M","0,00%"
"05.04.2017","15,31","14,85","15,31","14,84","4,85M","2,82%"
"04.04.2017","14,89","14,82","15,01","14,81","3,08M","0,13%"
"03.04.2017","14,87","14,81","14,99","14,79","2,76M","1,02%"
"31.03.2017","14,72","15,00","15,00","14,72","2,88M","-1,47%"
"30.03.2017","14,94","14,96","15,01","14,89","1,87M","0,67%"
"29.03.2017","14,84","14,90","15,02","14,79","3,76M","-0,34%"
"28.03.2017","14,89","14,97","15,00","14,87","1,23M","-0,13%"
"27.03.2017","14,91","15,05","15,09","14,86","3,18M","-1,00%"
"24.03.2017","15,06","14,93","15,06","14,81","3,11M","1,41%"
"23.03.2017","14,85","14,86","14,99","14,76","3,29M","0,61%"
"22.03.2017","14,76","14,63","14,81","14,57","3,24M","0,34%"
"21.03.2017","14,71","14,81","14,85","14,59","3,70M","-0,68%"
"20.03.2017","14,81","14,51","14,81","14,51","2,59M","1,79%"
"17.03.2017","14,55","14,67","14,74","14,49","4,66M","-0,55%"
"16.03.2017","14,63","14,60","14,70","14,53","2,86M","1,04%"
"15.03.2017","14,48","14,64","14,69","14,48","3,96M","-1,03%"
"14.03.2017","14,63","14,64","14,72","14,56","2,11M","-0,27%"
"13.03.2017","14,67","14,65","14,70","14,54","1,77M","0,07%"
"10.03.2017","14,66","14,77","14,82","14,63","3,36M","-0,07%"
"09.03.2017","14,67","14,59","14,79","14,48","5,91M","0,69%"
"08.03.2017","14,57","15,10","15,19","14,54","4,74M","-3,51%"
"07.03.2017","15,10","15,14","15,21","15,04","3,61M","-0,33%"
"06.03.2017","15,15","14,72","15,24","14,69","2,98M","3,98%"
"03.03.2017","14,57","14,76","14,76","14,50","4,53M","-1,22%"
"02.03.2017","14,75","14,50","14,75","14,50","2,28M","1,72%"
"01.03.2017","14,50","14,26","14,61","14,25","2,43M","1,97%"
"28.02.2017","14,22","14,30","14,47","14,22","3,58M","-1,52%"
"27.02.2017","14,44","14,51","14,56","14,29","895,47K","-0,35%"
"24.02.2017","14,49","14,57","14,70","14,41","1,88M","-0,96%"
"23.02.2017","14,63","14,75","14,81","14,57","4,42M","-0,27%"
"22.02.2017","14,67","14,74","14,91","13,28","3,38M","-0,81%"
"21.02.2017","14,79","14,79","14,91","14,77","2,44M","0,07%"
"20.02.2017","14,78","14,88","15,04","14,74","2,48M","-0,20%"
"17.02.2017","14,81","14,59","14,87","14,58","3,08M","1,44%"
"16.02.2017","14,60","14,72","14,73","14,60","1,87M","-0,27%"
"15.02.2017","14,64","14,60","14,71","14,53","3,24M","0,48%"
"14.02.2017","14,57","14,92","14,95","14,56","3,92M","-2,35%"
"13.02.2017","14,92","14,53","14,92","14,51","3,46M","2,90%"
"10.02.2017","14,50","15,05","15,27","14,50","3,10M","-3,65%"
"09.02.2017","15,05","14,96","15,05","14,73","2,19M","0,27%"
"08.02.2017","15,01","14,72","15,01","14,60","2,72M","1,49%"
"07.02.2017","14,79","14,57","14,86","14,42","2,30M","1,02%"
"06.02.2017","14,64","14,89","15,10","14,62","3,11M","-1,08%"
"03.02.2017","14,80","14,51","14,80","14,48","2,16M","1,58%"
"02.02.2017","14,57","14,62","14,66","14,45","2,63M","-0,07%"
"01.02.2017","14,58","14,56","14,64","14,41","2,19M","0,07%"
"31.01.2017","14,57","14,55","14,59","14,45","2,39M","0,14%"
"30.01.2017","14,55","14,31","14,72","14,19","3,48M","1,68%"
"27.01.2017","14,31","14,01","14,34","13,99","2,49M","1,85%"
"26.01.2017","14,05","13,96","14,14","13,88","2,16M","1,01%"
"25.01.2017","13,91","14,07","14,14","13,73","4,20M","-1,35%"
"24.01.2017","14,10","14,12","14,28","13,90","4,06M","0,57%"
"23.01.2017","14,02","13,66","14,02","13,66","3,36M","3,01%"
"20.01.2017","13,61","13,66","13,72","13,50","2,94M","-0,80%"
"19.01.2017","13,72","13,62","13,72","13,61","3,08M","0,73%"
"18.01.2017","13,62","13,61","13,64","13,48","3,04M","-0,07%"
"17.01.2017","13,63","13,52","13,63","13,45","3,59M","1,26%"
"16.01.2017","13,46","13,38","13,46","13,28","2,85M","1,13%"
"13.01.2017","13,31","13,08","13,36","12,97","4,42M","1,37%"
"12.01.2017","13,13","12,59","13,23","12,56","7,43M","4,79%"
"11.01.2017","12,53","12,75","12,75","12,48","5,73M","-2,19%"
"10.01.2017","12,81","12,73","12,83","12,68","2,42M","0,23%"
"09.01.2017","12,78","12,67","12,79","12,57","2,40M","0,08%"
"06.01.2017","12,77","12,58","12,77","12,55","1,48M","1,27%"
"05.01.2017","12,61","12,61","12,72","12,44","2,69M","0,24%"
"04.01.2017","12,58","12,67","12,75","12,47","2,32M","-0,47%"
"03.01.2017","12,64","12,86","12,87","12,55","2,77M","-1,56%"
"02.01.2017","12,84","13,04","13,04","12,81","1,97M","-2,95%"
"30.12.2016","13,23","12,90","13,52","12,89","2,43M","2,40%"
"29.12.2016","12,92","12,82","12,94","12,74","1,60M","0,39%"
"28.12.2016","12,87","12,71","12,87","12,66","2,02M","1,02%"
"27.12.2016","12,74","12,68","12,77","12,68","714,02K","0,87%"
"26.12.2016","12,63","12,73","12,81","12,63","173,20K","-1,10%"
"23.12.2016","12,77","12,66","12,79","12,63","1,27M","0,95%"
"22.12.2016","12,65","12,76","12,82","12,62","1,38M","-0,86%"
"21.12.2016","12,76","12,69","12,83","12,63","2,69M","0,55%"
"20.12.2016","12,69","12,50","12,71","12,45","2,52M","1,20%"
"19.12.2016","12,54","12,62","12,70","12,54","1,73M","-0,63%"
"16.12.2016","12,62","12,64","12,71","12,55","3,05M","-0,71%"
"15.12.2016","12,71","12,44","12,71","12,37","3,73M","1,36%"
"14.12.2016","12,54","12,56","12,60","12,40","2,14M","-0,48%"
"13.12.2016","12,60","12,47","12,63","12,45","3,07M","1,37%"
"12.12.2016","12,43","12,27","12,43","12,07","1,97M","0,57%"
"09.12.2016","12,36","12,36","12,41","12,27","1,88M","0,00%"
"08.12.2016","12,36","12,41","12,55","12,19","3,37M","-0,40%"
"07.12.2016","12,41","12,14","12,46","12,13","4,11M","1,97%"
"06.12.2016","12,17","11,84","12,21","11,84","8,29M","3,31%"
"05.12.2016","11,78","11,71","11,96","11,65","7,65M","0,17%"
"02.12.2016","11,76","11,76","11,82","11,53","3,97M","0,00%"
"01.12.2016","11,76","11,97","11,98","11,65","2,76M","-1,51%"
"30.11.2016","11,94","12,08","12,11","11,93","2,70M","-0,42%"
"29.11.2016","11,99","12,01","12,09","11,99","1,38M","-0,50%"
"28.11.2016","12,05","12,14","12,24","12,05","1,65M","-0,25%"
"25.11.2016","12,08","12,00","12,12","11,90","1,65M","0,58%"
"24.11.2016","12,01","12,03","12,37","11,87","1,93M","-0,17%"
"23.11.2016","12,03","12,19","12,22","12,01","2,63M","-0,99%"
"22.11.2016","12,15","12,11","12,24","12,05","2,28M","0,16%"
"21.11.2016","12,13","12,19","12,19","11,97","2,54M","0,25%"
"18.11.2016","12,10","11,82","12,20","11,78","2,95M","1,94%"
"17.11.2016","11,87","11,89","12,04","11,82","3,94M","0,17%"
"16.11.2016","11,85","11,96","11,97","11,75","2,90M","-0,59%"
"15.11.2016","11,92","11,79","11,94","11,74","3,68M","1,36%"
"14.11.2016","11,76","12,01","12,01","11,75","4,07M","-1,01%"
"11.11.2016","11,88","12,09","12,09","11,87","8,15M","-1,82%"
"10.11.2016","12,10","12,15","12,22","12,07","5,42M","0,41%"
"09.11.2016","12,05","11,99","12,08","11,94","5,97M","-1,63%"
"08.11.2016","12,25","11,92","12,32","11,86","2,99M","2,60%"
"07.11.2016","11,94","11,86","12,08","11,86","2,66M","1,10%"
"04.11.2016","11,81","11,87","12,26","11,81","17,66M","-3,43%"
"03.11.2016","12,23","12,32","12,34","12,22","2,15M","-0,65%"
"02.11.2016","12,31","12,27","12,39","12,23","2,59M","0,24%"
"01.11.2016","12,28","12,42","12,52","12,23","3,19M","-0,73%"
"31.10.2016","12,37","12,47","12,54","12,36","2,98M","-0,80%"
"28.10.2016","12,47","12,49","12,53","12,39","1,32M","-0,24%"
"27.10.2016","12,50","12,54","12,59","12,46","4,48M","-0,24%"
"26.10.2016","12,53","12,70","12,70","12,48","8,04M","-1,42%"
"25.10.2016","12,71","12,84","12,87","12,70","6,02M","-1,17%"
"24.10.2016","12,86","12,59","12,91","12,57","5,18M","2,72%"
"21.10.2016","12,52","12,56","12,59","12,52","3,03M","-0,32%"
"20.10.2016","12,56","12,73","12,76","12,56","7,23M","-1,18%"
"19.10.2016","12,71","12,61","12,76","12,59","6,66M","1,19%"
"18.10.2016","12,56","12,65","12,72","12,56","6,45M","-0,79%"
"17.10.2016","12,66","12,71","12,71","12,53","2,98M","-0,39%"
"14.10.2016","12,71","12,66","12,71","12,56","1,84M","0,39%"
"13.10.2016","12,66","12,68","12,71","12,54","2,58M","-0,31%"
"12.10.2016","12,70","12,67","12,73","12,56","2,12M","0,47%"
"11.10.2016","12,64","12,61","12,66","12,43","3,20M","-0,16%"
"10.10.2016","12,66","12,78","12,80","12,61","1,70M","-0,47%"
"07.10.2016","12,72","12,77","12,86","12,62","2,55M","-0,16%"
"06.10.2016","12,74","12,47","12,75","12,47","6,37M","2,41%"
"05.10.2016","12,44","12,30","12,47","12,23","2,81M","0,65%"
"04.10.2016","12,36","12,35","12,40","12,24","2,58M","0,08%"
"03.10.2016","12,35","12,40","12,50","12,33","2,06M","-0,08%"
"30.09.2016","12,36","12,45","12,46","12,33","3,24M","-1,04%"
"29.09.2016","12,49","12,56","12,59","12,40","2,98M","-0,56%"
"28.09.2016","12,56","12,51","12,58","12,46","3,35M","0,40%"
"27.09.2016","12,51","12,52","12,67","12,46","2,41M","-0,71%"
"26.09.2016","12,60","12,51","12,69","12,45","4,12M","-3,74%"
"23.09.2016","13,09","12,90","13,12","12,90","4,92M","0,93%"
"22.09.2016","12,97","12,58","13,06","12,56","5,85M","4,01%"
"21.09.2016","12,47","12,33","12,47","12,28","3,73M","1,14%"
"20.09.2016","12,33","12,54","12,54","12,29","2,64M","-1,28%"
"19.09.2016","12,49","12,27","12,54","12,21","4,13M","2,13%"
"16.09.2016","12,23","12,35","12,36","12,14","4,64M","-0,73%"
"09.09.2016","12,32","12,33","12,47","12,30","2,63M","-0,40%"
"08.09.2016","12,37","12,33","12,40","12,25","2,24M","0,32%"
"07.09.2016","12,33","12,47","12,47","12,20","4,19M","-0,72%"
"06.09.2016","12,42","12,42","12,47","12,36","3,04M","0,16%"
"05.09.2016","12,40","12,42","12,45","12,33","3,40M","0,65%"
"02.09.2016","12,32","12,18","12,34","12,12","3,22M","1,65%"
"01.09.2016","12,12","12,33","12,37","12,05","5,01M","-1,54%"
"31.08.2016","12,31","12,38","12,49","12,28","3,82M","-1,12%"
"29.08.2016","12,45","12,59","12,59","12,34","2,15M","-1,27%"
"26.08.2016","12,61","12,70","12,74","12,47","2,60M","-0,79%"
"25.08.2016","12,71","12,75","12,75","12,59","2,34M","0,79%"
"24.08.2016","12,61","12,73","12,73","12,48","3,67M","-2,32%"
"23.08.2016","12,91","13,03","13,08","12,85","2,17M","-0,23%"
"22.08.2016","12,94","13,13","13,13","12,85","2,35M","-0,61%"
"19.08.2016","13,02","13,02","13,08","12,83","2,32M","-0,23%"
"18.08.2016","13,05","13,11","13,20","12,99","2,58M","0,23%"
"17.08.2016","13,02","12,85","13,08","12,85","2,43M","1,40%"
"16.08.2016","12,84","12,91","12,99","12,77","2,27M","-0,16%"
"15.08.2016","12,86","12,99","13,08","12,75","1,63M","0,23%"
"12.08.2016","12,83","13,32","13,32","12,80","3,86M","-1,76%"
"11.08.2016","13,06","12,94","13,09","12,80","3,40M","1,71%"
"10.08.2016","12,84","12,66","12,84","12,57","3,16M","1,42%"
"09.08.2016","12,66","12,61","12,79","12,50","4,90M","0,56%"
"08.08.2016","12,59","12,61","12,61","12,43","2,69M","2,11%"
"05.08.2016","12,33","12,48","12,56","12,23","2,83M","-1,20%"
"04.08.2016","12,48","12,08","12,48","11,95","2,71M","3,57%"
"03.08.2016","12,05","12,23","12,28","12,03","3,44M","-1,87%"
"02.08.2016","12,28","12,54","12,62","12,26","3,33M","-2,23%"
"01.08.2016","12,56","12,34","12,63","12,34","4,60M","2,36%"
"29.07.2016","12,27","12,01","12,27","11,97","4,60M","1,91%"
"28.07.2016","12,04","12,06","12,36","12,00","3,82M","0,25%"
"27.07.2016","12,01","11,76","12,03","11,76","3,89M","2,21%"
"26.07.2016","11,75","11,76","11,79","11,57","5,43M","0,60%"
"25.07.2016","11,68","11,46","11,70","11,42","9,49M","3,00%"
"22.07.2016","11,34","11,78","11,78","11,01","13,44M","-2,16%"
"21.07.2016","11,59","12,42","12,47","11,57","9,44M","-6,83%"
"20.07.2016","12,44","12,78","12,84","12,33","4,72M","-2,43%"
"19.07.2016","12,75","12,71","13,22","12,68","5,44M","-0,08%"
"18.07.2016","12,76","13,33","13,52","12,54","6,48M","-6,04%"
"15.07.2016","13,58","13,48","13,58","13,39","3,45M","0,15%"
"14.07.2016","13,56","13,34","13,56","13,30","4,23M","2,11%"
"13.07.2016","13,28","13,25","13,31","13,14","3,42M","-0,30%"
"12.07.2016","13,32","13,18","13,32","13,16","2,73M","1,37%"
"11.07.2016","13,14","13,04","13,18","12,85","3,41M","1,15%"
"08.07.2016","12,99","12,67","13,02","12,60","3,30M","2,12%"
"04.07.2016","12,72","12,79","12,94","12,57","347,04K","-0,24%"
"01.07.2016","12,75","12,58","12,75","12,58","2,56M","1,35%"
"30.06.2016","12,58","12,66","12,75","12,46","3,24M","-0,08%"
"29.06.2016","12,59","12,55","12,75","12,47","2,76M","-0,08%"
"28.06.2016","12,60","12,18","12,62","12,18","4,37M","4,30%"
"27.06.2016","12,08","12,01","12,14","11,96","4,10M","0,58%"
"24.06.2016","12,01","12,00","12,35","11,89","5,82M","-5,36%"
"23.06.2016","12,69","12,71","12,80","12,57","2,20M","0,24%"
"22.06.2016","12,66","12,77","12,87","12,58","2,38M","-0,94%"
"21.06.2016","12,78","12,85","12,91","12,67","2,53M","-0,54%"
"20.06.2016","12,85","12,60","12,93","12,60","4,35M","3,05%"
"17.06.2016","12,47","12,12","12,49","12,09","5,01M","3,74%"
"16.06.2016","12,02","12,18","12,36","12,02","2,57M","-2,20%"
"15.06.2016","12,29","12,24","12,36","12,20","2,91M","1,07%"
"14.06.2016","12,16","12,47","12,55","12,16","5,05M","-3,18%"
"13.06.2016","12,56","12,21","12,56","12,15","2,75M","2,11%"
"10.06.2016","12,30","12,39","12,53","12,24","2,20M","-0,73%"
"09.06.2016","12,39","12,79","12,86","12,38","3,56M","-3,13%"
"08.06.2016","12,79","12,76","12,90","12,68","3,73M","0,55%"
"07.06.2016","12,72","12,74","13,05","12,70","4,86M","0,47%"
"06.06.2016","12,66","12,74","12,84","12,63","2,04M","0,00%"
"03.06.2016","12,66","12,23","12,67","12,20","8,94M","3,86%"
"02.06.2016","12,19","12,47","12,53","12,19","4,13M","-2,01%"
"01.06.2016","12,44","12,60","12,65","12,34","3,53M","-1,03%"
"31.05.2016","12,57","12,93","13,03","12,46","6,73M","-2,41%"
"30.05.2016","12,88","12,84","12,93","12,69","3,02M","0,70%"
"27.05.2016","12,79","12,75","12,82","12,57","4,01M","0,00%"
"26.05.2016","12,79","12,85","12,89","12,65","3,61M","-0,62%"
"25.05.2016","12,87","12,87","13,10","12,79","6,40M","0,16%"
"24.05.2016","12,85","12,03","12,90","12,01","8,39M","6,73%"
"23.05.2016","12,04","12,08","12,11","11,98","2,19M","-0,41%"
"20.05.2016","12,09","12,18","12,26","11,93","5,49M","-1,14%"
"18.05.2016","12,23","12,18","12,26","12,06","3,65M","0,00%"
"17.05.2016","12,23","12,29","12,37","12,12","7,30M","0,41%"
"16.05.2016","12,18","12,33","12,35","12,04","2,92M","-0,65%"
"13.05.2016","12,26","12,42","12,56","12,18","2,46M","-1,76%"
"12.05.2016","12,48","12,64","12,80","12,45","3,64M","-1,34%"
"11.05.2016","12,65","12,62","12,68","12,26","5,54M","0,16%"
"10.05.2016","12,63","12,59","12,71","12,49","2,66M","0,32%"
"09.05.2016","12,59","12,72","12,80","12,56","4,17M","0,16%"
"06.05.2016","12,57","12,81","12,81","12,34","5,28M","-1,95%"
"05.05.2016","12,82","12,78","13,09","12,65","9,45M","-1,61%"
"04.05.2016","13,03","13,43","13,43","12,91","6,80M","-2,91%"
"03.05.2016","13,42","13,93","13,96","13,38","5,02M","-3,38%"
"02.05.2016","13,89","14,05","14,07","13,89","1,69M","-1,00%"
"29.04.2016","14,03","13,99","14,14","13,93","4,53M","0,14%"
"28.04.2016","14,01","14,17","14,23","13,96","4,04M","-1,13%"
"27.04.2016","14,17","14,35","14,46","14,13","3,98M","-1,39%"
"26.04.2016","14,37","14,26","14,47","14,26","3,68M","0,91%"
"25.04.2016","14,24","14,51","14,55","14,24","3,48M","-1,93%"
"22.04.2016","14,52","14,45","14,58","14,38","3,89M","0,48%"
"21.04.2016","14,45","14,30","14,47","14,21","3,76M","1,19%"
"20.04.2016","14,28","14,23","14,38","14,12","4,33M","0,00%"
"19.04.2016","14,28","14,20","14,34","14,10","3,39M","0,78%"
"18.04.2016","14,17","14,03","14,19","13,97","3,46M","0,64%"
"15.04.2016","14,08","14,29","14,38","13,91","2,68M","-2,90%"
"14.04.2016","14,50","14,32","14,70","14,23","5,24M","1,19%"
"13.04.2016","14,33","13,96","14,41","13,89","10,58M","2,80%"
"12.04.2016","13,94","13,76","14,01","13,73","3,35M","1,53%"
"11.04.2016","13,73","13,64","13,77","13,55","6,41M","0,66%"
"08.04.2016","13,64","13,53","13,68","13,37","5,02M","0,44%"
"07.04.2016","13,58","13,77","13,80","13,53","4,74M","-0,66%"
"06.04.2016","13,67","13,87","13,92","13,58","3,17M","-1,16%"
"05.04.2016","13,83","13,92","13,93","13,78","2,20M","-1,14%"
"04.04.2016","13,99","13,66","14,00","13,65","2,58M","2,49%"
"01.04.2016","13,65","13,66","13,77","13,51","3,08M","-0,58%"
"31.03.2016","13,73","13,92","13,95","13,65","4,75M","-1,58%"
"30.03.2016","13,95","13,88","13,99","13,83","4,22M","1,23%"
"29.03.2016","13,78","13,82","13,92","13,70","2,95M","0,15%"
"28.03.2016","13,76","13,67","13,84","13,60","829,77K","0,58%"
"25.03.2016","13,68","13,67","13,72","13,59","615,88K","-0,07%"
"24.03.2016","13,69","13,53","13,74","13,30","6,08M","2,01%"
"23.03.2016","13,42","13,72","13,89","13,24","7,58M","-2,61%"
"22.03.2016","13,78","13,96","13,96","13,68","5,54M","-1,50%"
"21.03.2016","13,99","13,98","14,10","13,76","5,86M","0,43%"
"18.03.2016","13,93","13,48","14,01","13,37","6,21M","3,34%"
"17.03.2016","13,48","13,20","13,51","13,15","4,84M","3,14%"
"16.03.2016","13,07","13,09","13,15","12,85","4,03M","0,23%"
"15.03.2016","13,04","13,20","13,21","13,02","4,50M","-1,29%"
"14.03.2016","13,21","12,97","13,21","12,92","3,46M","2,09%"
"11.03.2016","12,94","13,10","13,12","12,83","3,00M","-0,92%"
"10.03.2016","13,06","12,90","13,15","12,89","6,07M","1,16%"
"09.03.2016","12,91","12,59","12,93","12,55","4,54M","2,14%"
"08.03.2016","12,64","12,48","12,70","12,46","3,30M","0,88%"
"07.03.2016","12,53","12,63","12,72","12,43","4,83M","-0,32%"
"04.03.2016","12,57","12,58","12,70","12,38","4,42M","-0,08%"
"03.03.2016","12,58","12,51","12,83","12,49","6,14M","0,88%"
"02.03.2016","12,47","12,38","12,52","12,33","5,61M","1,55%"
"01.03.2016","12,28","12,36","12,43","12,19","3,99M","-1,13%"
"29.02.2016","12,42","12,16","12,50","12,10","5,45M","2,48%"
"26.02.2016","12,12","12,44","12,47","12,11","4,39M","-1,38%"
"25.02.2016","12,29","11,80","12,45","11,79","6,86M","4,95%"
"24.02.2016","11,71","11,98","11,98","11,63","3,69M","-1,51%"
"23.02.2016","11,89","11,76","12,00","11,72","3,27M","0,76%"
"22.02.2016","11,80","11,52","11,80","11,47","2,94M","3,60%"
"19.02.2016","11,39","11,52","11,54","11,28","2,44M","-1,21%"
"18.02.2016","11,53","11,38","11,53","11,28","5,67M","1,41%"
"17.02.2016","11,37","11,17","11,38","11,08","3,55M","2,25%"
"16.02.2016","11,12","11,34","11,40","11,11","3,31M","-0,71%"
"15.02.2016","11,20","11,22","11,28","10,83","3,97M","1,36%"
"12.02.2016","11,05","11,17","11,28","10,97","3,79M","-0,54%"
"11.02.2016","11,11","10,97","11,18","10,79","3,31M","0,18%"
"10.02.2016","11,09","11,06","11,22","10,88","2,74M","0,09%"
"09.02.2016","11,08","11,12","11,18","10,83","3,98M","-1,07%"
"08.02.2016","11,20","11,54","11,56","11,20","2,95M","-2,61%"
"05.02.2016","11,50","11,56","11,59","11,45","4,14M","-0,17%"
"04.02.2016","11,52","11,53","11,56","11,39","11,40M","1,23%"
"03.02.2016","11,38","11,17","11,49","11,15","5,32M","1,16%"
"02.02.2016","11,25","11,43","11,53","11,24","4,24M","-1,75%"
"01.02.2016","11,45","11,30","11,45","11,10","5,06M","0,97%"
"29.01.2016","11,34","11,18","11,46","11,14","12,24M","2,35%"
"28.01.2016","11,08","11,06","11,20","11,01","6,50M","0,36%"
"27.01.2016","11,04","10,95","11,04","10,87","3,89M","1,01%"
"26.01.2016","10,93","10,69","10,98","10,67","4,53M","1,30%"
"25.01.2016","10,79","10,84","10,94","10,71","4,66M","0,37%"
"22.01.2016","10,75","10,75","10,83","10,59","4,98M","2,09%"
"21.01.2016","10,53","10,83","10,83","10,25","7,58M","-2,59%"
"20.01.2016","10,81","10,82","10,97","10,81","3,47M","-1,01%"
"19.01.2016","10,92","10,95","11,03","10,86","3,29M","0,46%"
"18.01.2016","10,87","10,89","10,98","10,77","2,38M","0,65%"
"15.01.2016","10,80","10,86","10,89","10,64","3,63M","-0,92%"
"14.01.2016","10,90","10,83","11,01","10,72","3,47M","-0,37%"
"13.01.2016","10,94","10,94","11,09","10,82","4,85M","0,64%"
"12.01.2016","10,87","10,59","10,98","10,49","5,36M","3,03%"
"11.01.2016","10,55","10,40","10,75","10,34","3,93M","1,05%"
"08.01.2016","10,44","10,72","10,83","10,39","3,31M","-2,16%"
"07.01.2016","10,67","10,36","10,75","10,36","4,47M","0,66%"
"06.01.2016","10,60","10,54","10,76","10,44","5,93M","-0,19%"
"05.01.2016","10,62","10,35","10,64","10,20","4,12M","3,31%"
"04.01.2016","10,28","10,30","10,46","10,11","2,80M","-2,00%"
"31.12.2015","10,49","10,85","10,90","10,36","2,92M","-3,41%"
"30.12.2015","10,86","10,94","10,95","10,80","991,44K","-0,82%"
"29.12.2015","10,95","11,05","11,05","10,85","1,69M","-0,73%"
"28.12.2015","11,03","11,07","11,16","11,00","1,63M","-0,36%"
"25.12.2015","11,07","11,06","11,11","10,97","682,29K","0,09%"
"24.12.2015","11,06","11,09","11,14","10,96","1,77M","0,00%"
"23.12.2015","11,06","10,98","11,21","10,98","3,91M","1,10%"
"22.12.2015","10,94","11,08","11,13","10,78","3,12M","-1,26%"
"21.12.2015","11,08","11,01","11,17","10,99","2,56M","1,28%"
"18.12.2015","10,94","11,08","11,20","10,91","3,30M","-1,80%"
"17.12.2015","11,14","10,87","11,28","10,87","6,37M","3,05%"
"16.12.2015","10,81","10,88","10,88","10,74","5,81M","-0,92%"
"15.12.2015","10,91","10,72","11,01","10,67","5,94M","2,73%"
"14.12.2015","10,62","10,79","11,08","10,59","3,40M","-0,75%"
"11.12.2015","10,70","11,03","11,03","10,67","4,90M","-2,99%"
"10.12.2015","11,03","11,31","11,54","10,90","6,56M","-2,48%"
"09.12.2015","11,31","11,13","11,40","11,06","3,98M","1,89%"
"08.12.2015","11,10","11,30","11,41","11,07","3,48M","-2,46%"
"07.12.2015","11,38","11,38","11,45","11,24","3,45M","0,44%"
"04.12.2015","11,33","11,58","11,59","11,19","5,85M","-1,90%"
"03.12.2015","11,55","11,58","11,78","11,50","4,74M","0,00%"
"02.12.2015","11,55","11,71","11,81","11,50","9,35M","-0,52%"
"01.12.2015","11,61","11,54","11,74","11,47","8,10M","0,87%"
"30.11.2015","11,51","11,52","11,65","11,32","4,93M","-0,09%"
"27.11.2015","11,52","11,28","11,56","11,28","8,76M","2,13%"
"26.11.2015","11,28","11,42","11,52","11,28","5,48M","-1,66%"
"25.11.2015","11,47","11,76","11,76","11,32","17,10M","-2,47%"
"24.11.2015","11,76","12,24","12,24","11,56","12,23M","-3,92%"
"23.11.2015","12,24","12,19","12,33","12,19","5,57M","0,41%"
"20.11.2015","12,19","12,28","12,38","12,19","7,30M","-1,14%"
"19.11.2015","12,33","12,38","12,38","12,28","5,98M","0,00%"
"18.11.2015","12,33","12,33","12,43","12,28","7,85M","0,00%"
"17.11.2015","12,33","12,48","12,52","12,33","9,33M","-0,80%"
"16.11.2015","12,43","12,38","12,43","12,28","4,48M","0,00%"
"13.11.2015","12,43","12,48","12,52","12,38","5,29M","-0,40%"
"12.11.2015","12,48","12,57","12,57","12,38","4,65M","0,00%"
"11.11.2015","12,48","12,52","12,62","12,43","6,87M","0,40%"
"10.11.2015","12,43","12,72","12,76","12,43","6,45M","-1,89%"
"09.11.2015","12,67","12,86","12,86","12,62","6,48M","-1,48%"
"06.11.2015","12,86","13,00","13,10","12,81","3,75M","-1,46%"
"05.11.2015","13,05","13,15","13,20","13,05","5,96M","-0,76%"
"04.11.2015","13,15","13,15","13,24","12,96","8,31M","0,38%"
"03.11.2015","13,10","13,15","13,24","13,05","5,49M","-0,38%"
"02.11.2015","13,15","13,15","13,24","13,00","7,56M","3,79%"
"30.10.2015","12,67","12,28","12,67","12,24","6,32M","2,76%"
"28.10.2015","12,33","12,43","12,48","12,28","2,75M","-1,20%"
"27.10.2015","12,48","12,52","12,62","12,33","4,02M","-0,32%"
"26.10.2015","12,52","12,62","12,67","12,43","3,85M","-0,79%"
"23.10.2015","12,62","12,76","12,76","12,62","2,92M","-0,39%"
"22.10.2015","12,67","12,57","12,81","12,57","5,63M","0,80%"
"21.10.2015","12,57","12,62","12,67","12,43","4,94M","-0,40%"
"20.10.2015","12,62","12,43","12,67","12,43","5,51M","1,53%"
"19.10.2015","12,43","12,14","12,48","12,14","4,10M","2,39%"
"16.10.2015","12,14","12,14","12,14","11,95","2,95M","0,00%"
"15.10.2015","12,14","12,28","12,33","12,14","3,00M","-0,41%"
"14.10.2015","12,19","12,28","12,33","12,14","4,89M","-0,73%"
"13.10.2015","12,28","12,19","12,28","12,04","6,87M","0,74%"
"12.10.2015","12,19","11,90","12,19","11,90","3,20M","1,58%"
"09.10.2015","12,00","12,24","12,24","11,95","5,16M","-1,56%"
"08.10.2015","12,19","11,90","12,38","11,85","6,68M","2,01%"
"07.10.2015","11,95","11,85","11,95","11,76","6,27M","1,62%"
"06.10.2015","11,76","11,76","11,90","11,66","3,42M","0,00%"
"05.10.2015","11,76","11,37","11,76","11,37","4,05M","4,26%"
"02.10.2015","11,28","11,28","11,37","11,08","3,64M","0,00%"
"01.10.2015","11,28","11,37","11,37","11,23","2,76M","-0,35%"
"30.09.2015","11,32","11,32","11,32","11,13","4,03M","0,80%"
"29.09.2015","11,23","10,94","11,23","10,89","5,36M","2,18%"
"28.09.2015","10,99","11,18","11,28","10,94","4,93M","-1,26%"
"23.09.2015","11,13","11,13","11,18","11,08","1,39M","0,00%"
"22.09.2015","11,13","11,56","11,56","11,04","3,95M","-3,39%"
"21.09.2015","11,52","11,37","11,66","11,28","3,39M","0,88%"
"18.09.2015","11,42","11,42","11,42","11,18","3,87M","-0,44%"
"17.09.2015","11,47","11,08","11,47","11,04","4,10M","3,05%"
"16.09.2015","11,13","10,99","11,23","10,94","2,71M","1,27%"
"15.09.2015","10,99","10,70","10,99","10,56","3,94M","3,19%"
"14.09.2015","10,65","10,56","10,65","10,51","2,54M","0,85%"
"11.09.2015","10,56","10,60","10,65","10,46","2,67M","-0,38%"
"10.09.2015","10,60","10,56","10,70","10,41","4,07M","0,00%"
"09.09.2015","10,60","10,70","10,80","10,60","3,47M","0,38%"
"08.09.2015","10,56","10,60","10,75","10,51","4,20M","0,00%"
"07.09.2015","10,56","10,56","10,60","10,46","3,40M","-0,85%"
"04.09.2015","10,65","10,89","10,99","10,65","3,90M","-3,09%"
"03.09.2015","10,99","10,84","11,04","10,75","8,86M","2,23%"
"02.09.2015","10,75","10,65","10,84","10,65","2,50M","1,42%"
"01.09.2015","10,60","10,80","10,89","10,56","4,81M","-2,66%"
"31.08.2015","10,89","10,65","10,94","10,60","3,44M","2,25%"
"28.08.2015","10,65","10,84","10,89","10,56","2,76M","-1,39%"
"27.08.2015","10,80","10,84","10,94","10,70","3,94M","0,47%"
"26.08.2015","10,75","10,80","10,80","10,65","3,80M","-0,83%"
"25.08.2015","10,84","10,56","10,84","10,56","4,59M","3,63%"
"24.08.2015","10,46","10,51","10,51","9,98","2,47M","-1,78%"
"21.08.2015","10,65","10,84","10,84","10,56","3,10M","-2,20%"
"20.08.2015","10,89","10,94","10,94","10,60","4,73M","-0,91%"
"19.08.2015","10,99","11,18","11,28","10,94","3,64M","-1,26%"
"18.08.2015","11,13","11,18","11,32","11,13","2,93M","-1,33%"
"17.08.2015","11,28","11,47","11,52","11,18","4,01M","-2,08%"
"14.08.2015","11,52","11,37","11,61","11,32","3,54M","0,44%"
"13.08.2015","11,47","11,42","11,47","11,08","3,31M","0,44%"
"12.08.2015","11,42","11,66","11,76","11,42","3,64M","-3,22%"
"11.08.2015","11,80","11,52","11,85","11,52","4,61M","3,33%"
"10.08.2015","11,42","11,42","11,52","11,18","4,28M","0,00%"
"07.08.2015","11,42","11,52","11,52","11,32","1,87M","-0,44%"
"06.08.2015","11,47","11,47","11,56","11,42","2,09M","0,00%"
"05.08.2015","11,47","11,52","11,56","11,42","3,05M","-0,78%"
"04.08.2015","11,56","11,56","11,61","11,42","2,65M","0,35%"
"03.08.2015","11,52","11,80","11,85","11,47","3,37M","-2,37%"
"31.07.2015","11,80","11,56","11,90","11,52","5,30M","2,43%"
"30.07.2015","11,52","11,42","11,61","11,42","1,91M","0,00%"
"29.07.2015","11,52","11,56","11,61","11,32","4,05M","0,00%"
"28.07.2015","11,52","11,52","11,71","11,52","3,44M","0,44%"
"27.07.2015","11,47","11,71","11,76","11,42","3,43M","-2,05%"
"24.07.2015","11,71","11,56","11,76","11,52","3,83M","0,00%"
"23.07.2015","11,71","12,04","12,09","11,61","6,63M","-2,74%"
"22.07.2015","12,04","12,00","12,09","11,76","3,74M","0,75%"
"21.07.2015","11,95","12,00","12,04","11,80","3,37M","0,42%"
"20.07.2015","11,90","12,00","12,00","11,80","2,50M","-0,83%"
"16.07.2015","12,00","11,85","12,09","11,80","1,66M","1,69%"
"15.07.2015","11,80","12,04","12,09","11,80","2,46M","-1,67%"
"14.07.2015","12,00","12,00","12,09","11,95","3,65M","0,42%"
"13.07.2015","11,95","11,90","12,00","11,80","1,95M","0,84%"
"10.07.2015","11,85","11,95","12,04","11,80","2,89M","0,42%"
"09.07.2015","11,80","11,47","11,80","11,47","2,82M","3,33%"
"08.07.2015","11,42","11,61","11,61","11,37","3,31M","-1,64%"
"07.07.2015","11,61","11,76","11,80","11,61","1,35M","-1,28%"
"06.07.2015","11,76","11,66","11,80","11,66","1,54M","0,43%"
"03.07.2015","11,71","11,71","11,76","11,56","1,51M","0,43%"
"02.07.2015","11,66","11,80","11,85","11,66","2,42M","-1,60%"
"01.07.2015","11,85","11,90","12,00","11,85","1,74M","-0,42%"
"30.06.2015","11,90","11,76","12,04","11,76","4,11M","0,85%"
"29.06.2015","11,80","11,76","11,85","11,66","1,69M","-0,84%"
"26.06.2015","11,90","11,95","12,00","11,85","2,03M","-0,42%"
"25.06.2015","11,95","12,04","12,14","11,85","4,48M","-0,75%"
"24.06.2015","12,04","12,00","12,14","12,00","2,17M","0,33%"
"23.06.2015","12,00","12,00","12,09","11,90","2,66M","0,42%"
"22.06.2015","11,95","11,85","12,00","11,76","2,51M","1,62%"
"19.06.2015","11,76","11,71","11,90","11,61","2,93M","0,43%"
"18.06.2015","11,71","11,66","11,80","11,56","2,27M","1,65%"
"17.06.2015","11,52","11,56","11,61","11,47","3,38M","-0,35%"
"16.06.2015","11,56","11,56","11,71","11,47","3,78M","0,00%"
"15.06.2015","11,56","11,61","11,61","11,42","2,17M","0,00%"
"12.06.2015","11,56","11,61","11,71","11,52","2,30M","-0,43%"
"11.06.2015","11,61","11,61","11,66","11,42","3,53M","0,43%"
"10.06.2015","11,56","11,52","11,66","11,42","4,85M","1,23%"
"09.06.2015","11,42","11,42","11,52","11,32","3,83M","0,44%"
"08.06.2015","11,37","10,80","11,47","10,70","4,66M","-6,42%"
"05.06.2015","12,15","12,15","12,35","12,10","4,36M","-0,41%"
"04.06.2015","12,20","12,15","12,40","12,10","6,76M","-0,41%"
"03.06.2015","12,25","11,75","12,35","11,70","9,35M","4,26%"
"02.06.2015","11,75","11,75","11,85","11,65","3,15M","0,43%"
"01.06.2015","11,70","11,85","11,90","11,65","3,65M","-1,68%"
"29.05.2015","11,90","12,05","12,45","11,80","7,05M","-1,24%"
"28.05.2015","12,05","12,20","12,30","12,00","3,39M","-1,63%"
"27.05.2015","12,25","12,35","12,35","11,95","5,88M","0,00%"
"26.05.2015","12,25","12,30","12,50","12,25","2,41M","-0,41%"
"25.05.2015","12,30","12,45","12,55","12,25","2,55M","-1,60%"
"22.05.2015","12,50","12,65","12,65","12,40","3,83M","-1,19%"
"21.05.2015","12,65","12,70","12,90","12,60","5,00M","-0,39%"
"20.05.2015","12,70","12,65","12,70","12,45","6,12M","0,40%"
"18.05.2015","12,65","12,60","12,75","12,50","5,26M","0,40%"
"15.05.2015","12,60","12,70","12,80","12,55","4,87M","-0,79%"
"14.05.2015","12,70","12,55","12,75","12,50","6,84M","0,79%"
"13.05.2015","12,60","12,45","12,70","12,35","5,13M","1,61%"
"12.05.2015","12,40","12,20","12,45","12,10","5,54M","1,22%"
"11.05.2015","12,25","11,95","12,30","11,95","6,37M","1,66%"
"08.05.2015","12,05","11,90","12,15","11,65","8,35M","1,26%"
"07.05.2015","11,90","12,05","12,15","11,85","7,66M","-1,24%"
"06.05.2015","12,05","12,30","12,30","12,05","3,93M","-1,63%"
"05.05.2015","12,25","12,45","12,50","12,20","4,37M","-1,61%"
"04.05.2015","12,45","12,55","12,60","12,35","5,16M","-1,58%"
"30.04.2015","12,65","12,90","12,95","12,50","6,98M","-1,56%"
"29.04.2015","12,85","12,85","13,00","12,80","2,99M","-0,39%"
"28.04.2015","12,90","12,80","12,90","12,70","3,63M","1,18%"
"27.04.2015","12,75","12,85","12,90","12,65","3,62M","0,00%"
"24.04.2015","12,75","12,35","12,85","12,30","4,60M","3,24%"
"22.04.2015","12,35","12,25","12,40","12,20","4,11M","0,82%"
"21.04.2015","12,25","12,10","12,30","12,00","7,86M","0,82%"
"20.04.2015","12,15","12,15","12,25","12,10","2,87M","0,41%"
"17.04.2015","12,10","12,25","12,35","12,10","3,26M","-0,82%"
"16.04.2015","12,20","12,05","12,35","12,05","7,07M","2,09%"
"15.04.2015","11,95","12,05","12,15","11,95","6,48M","-1,65%"
"14.04.2015","12,15","12,15","12,20","12,05","7,74M","-0,41%"
"13.04.2015","12,20","12,40","12,40","12,20","6,21M","-1,21%"
"10.04.2015","12,35","12,35","12,50","12,25","3,93M","-0,40%"
"09.04.2015","12,40","12,30","12,45","12,20","4,47M","0,40%"
"08.04.2015","12,35","12,40","12,50","12,30","4,89M","0,00%"
"07.04.2015","12,35","12,40","12,55","12,30","6,93M","0,00%"
"06.04.2015","12,35","12,16","12,50","12,11","4,37M","1,56%"
"03.04.2015","12,16","11,96","12,16","11,86","2,50M","2,10%"
"02.04.2015","11,91","11,66","11,96","11,66","4,37M","2,14%"
"01.04.2015","11,66","11,71","11,76","11,57","5,60M","0,00%"
"31.03.2015","11,66","11,76","11,91","11,52","7,20M","-1,27%"
"30.03.2015","11,81","11,66","11,81","11,61","6,02M","1,72%"
"27.03.2015","11,61","11,81","11,86","11,57","9,56M","-2,52%"
"26.03.2015","11,91","11,81","12,06","11,71","7,94M","-0,83%"
"25.03.2015","12,01","11,86","12,25","11,76","8,41M","1,69%"
"24.03.2015","11,81","11,86","12,01","11,71","9,70M","0,00%"
"23.03.2015","11,81","11,66","11,96","11,61","16,65M","2,07%"
"20.03.2015","11,57","11,22","11,57","11,07","6,27M","3,58%"
"19.03.2015","11,17","11,27","11,32","11,07","5,45M","1,36%"
"18.03.2015","11,02","10,97","11,07","10,83","3,77M","0,00%"
"17.03.2015","11,02","10,88","11,02","10,78","3,65M","1,75%"
"16.03.2015","10,83","10,73","10,88","10,58","4,60M","2,85%"
"13.03.2015","10,53","10,63","10,93","10,38","13,05M","-0,47%"
"12.03.2015","10,58","11,02","11,02","10,53","8,59M","-2,31%"
"11.03.2015","10,83","10,97","11,17","10,68","7,35M","-1,28%"
"10.03.2015","10,97","11,27","11,32","10,93","6,43M","-2,66%"
"09.03.2015","11,27","11,32","11,52","11,22","4,17M","0,90%"
"06.03.2015","11,17","11,27","11,52","11,02","9,12M","0,90%"
"05.03.2015","11,07","11,07","11,22","10,88","6,21M","-0,90%"
"04.03.2015","11,17","11,47","11,52","11,12","4,30M","-2,62%"
"03.03.2015","11,47","11,57","11,61","11,37","3,76M","-0,86%"
"02.03.2015","11,57","11,52","11,61","11,32","5,26M","0,43%"
"27.02.2015","11,52","11,86","11,96","11,32","7,76M","8,88%"
"20.08.2014","10,58","10,63","10,73","10,53","4,87M","0,00%"
"19.08.2014","10,58","10,34","10,73","10,29","5,36M","2,82%"
"18.08.2014","10,29","10,24","10,38","10,09","2,93M","0,98%"
"15.08.2014","10,19","10,34","10,48","10,19","4,91M","-0,97%"
"14.08.2014","10,29","10,38","10,58","10,19","6,99M","-0,87%"
"13.08.2014","10,38","10,53","10,63","10,29","6,80M","-0,95%"
"12.08.2014","10,48","10,38","10,58","10,29","5,76M","0,48%"
"11.08.2014","10,43","10,78","10,88","10,34","5,92M","-1,88%"
"08.08.2014","10,63","10,58","10,78","10,43","4,58M","-0,47%"
"07.08.2014","10,68","11,07","11,07","10,38","7,66M","-0,93%"
"06.08.2014","10,78","10,78","10,88","10,63","7,94M","-0,92%"
"05.08.2014","10,88","11,07","11,17","10,83","5,44M","-0,82%"
"04.08.2014","10,97","11,02","11,22","10,97","3,13M","0,00%"
"01.08.2014","10,97","11,17","11,17","10,78","4,59M","-0,90%"
"31.07.2014","11,07","11,17","11,32","10,97","6,35M","-0,45%"
"25.07.2014","11,12","11,02","11,22","10,88","4,18M","1,37%"
"24.07.2014","10,97","11,02","11,12","10,88","4,45M","0,37%"
"23.07.2014","10,93","10,83","10,97","10,83","2,19M","1,39%"
"22.07.2014","10,78","10,83","10,97","10,73","3,78M","0,00%"
"21.07.2014","10,78","10,78","10,88","10,68","1,95M","0,47%"
"18.07.2014","10,73","10,53","10,78","10,53","2,42M","0,47%"
"17.07.2014","10,68","10,73","10,88","10,53","3,50M","0,00%"
"16.07.2014","10,68","10,58","10,78","10,53","4,75M","1,42%"
"15.07.2014","10,53","10,48","10,58","10,43","3,03M","0,96%"
"14.07.2014","10,43","10,34","10,48","10,29","4,23M","1,36%"
"11.07.2014","10,29","10,29","10,38","10,19","1,67M","0,49%"
"10.07.2014","10,24","10,34","10,38","10,14","2,96M","-0,97%"
"09.07.2014","10,34","10,34","10,43","10,29","2,37M","0,00%"
"08.07.2014","10,34","10,29","10,43","10,24","3,21M","0,98%"
"07.07.2014","10,24","9,94","10,34","9,94","3,55M","1,99%"
"04.07.2014","10,04","10,04","10,14","9,99","1,37M","0,00%"
"03.07.2014","10,04","10,14","10,14","9,89","4,04M","-0,99%"
"02.07.2014","10,14","10,09","10,14","9,84","3,45M","1,00%"
"01.07.2014","10,04","10,19","10,29","9,99","2,35M","-1,95%"
"30.06.2014","10,24","10,19","10,34","10,19","2,49M","0,99%"
"27.06.2014","10,14","10,24","10,34","10,14","1,67M","-0,98%"
"26.06.2014","10,24","10,38","10,48","10,09","2,59M","-0,49%"
"25.06.2014","10,29","10,43","10,43","10,24","2,14M","-1,34%"
"24.06.2014","10,43","10,38","10,58","10,29","3,31M","0,87%"
"23.06.2014","10,34","10,29","10,43","10,24","1,72M","1,47%"
"20.06.2014","10,19","10,19","10,34","10,19","1,73M","-0,49%"
"19.06.2014","10,24","10,43","10,48","10,24","4,06M","0,00%"
"18.06.2014","10,24","10,09","10,24","10,04","2,32M","1,99%"
"17.06.2014","10,04","10,19","10,34","10,04","5,36M","-0,99%"
"16.06.2014","10,14","10,09","10,24","10,04","2,89M","-0,98%"
"13.06.2014","10,24","10,24","10,43","10,09","3,59M","-0,49%"
"12.06.2014","10,29","10,24","10,38","10,09","6,28M","-0,87%"
"11.06.2014","10,38","10,63","10,68","10,19","6,17M","-2,81%"
"10.06.2014","10,68","10,43","10,73","10,34","4,80M","2,89%"
"09.06.2014","10,38","10,43","10,83","10,38","4,12M","0,00%"
"06.06.2014","10,38","10,34","10,48","10,24","2,85M","1,37%"
"05.06.2014","10,24","10,29","10,53","10,14","3,59M","0,49%"
"04.06.2014","10,19","9,94","10,29","9,94","3,45M","1,49%"
"03.06.2014","10,04","10,24","10,34","10,04","6,06M","-1,95%"
"02.06.2014","10,24","10,29","10,43","10,19","2,69M","0,49%"
"30.05.2014","10,19","10,19","10,43","10,04","4,12M","0,00%"
"29.05.2014","10,19","10,04","10,29","10,04","3,30M","3,03%"
"28.05.2014","9,89","9,79","10,14","9,73","4,20M","1,33%"
"27.05.2014","9,76","9,79","9,83","9,73","1,96M","-0,20%"
"26.05.2014","9,78","9,76","9,86","9,76","2,02M","0,20%"
"23.05.2014","9,76","9,80","9,86","9,72","3,59M","-0,10%"
"22.05.2014","9,77","9,69","9,83","9,66","4,00M","1,35%"
"21.05.2014","9,64","9,55","9,68","9,54","3,71M","1,15%"
"20.05.2014","9,53","9,60","9,60","9,49","2,14M","0,21%"
"16.05.2014","9,51","9,58","9,60","9,43","2,87M","-0,42%"
"15.05.2014","9,55","9,84","9,84","9,55","4,27M","-2,95%"
"14.05.2014","9,84","9,83","9,99","9,74","3,07M","1,03%"
"13.05.2014","9,74","9,88","9,94","9,74","3,83M","-0,51%"
"12.05.2014","9,79","9,72","9,80","9,69","2,46M","1,45%"
"09.05.2014","9,65","9,70","9,70","9,53","2,06M","0,00%"
"08.05.2014","9,65","9,71","9,78","9,57","4,76M","0,10%"
"07.05.2014","9,64","9,65","9,74","9,57","2,92M","-0,41%"
"06.05.2014","9,68","9,63","9,78","9,63","2,87M","0,73%"
"05.05.2014","9,61","9,53","9,69","9,42","2,83M","1,16%"
"02.05.2014","9,50","9,35","9,71","9,35","3,42M","2,37%"
"30.04.2014","9,28","9,15","9,47","9,15","4,92M","0,32%"
"29.04.2014","9,25","9,27","9,36","9,20","2,46M","0,54%"
"28.04.2014","9,20","9,25","9,26","9,10","2,04M","0,66%"
"26.02.2013","9,14","8,98","9,22","8,96","3,39M","0,22%"
"25.02.2013","9,12","9,12","9,14","8,90","4,99M","-1,08%"
"22.02.2013","9,22","9,22","9,44","9,10","6,79M","0,00%"
"21.02.2013","9,22","9,28","9,38","9,20","2,95M","-2,12%"
"20.02.2013","9,42","9,06","9,42","9,00","5,31M","4,43%"
"19.02.2013","9,02","9,06","9,08","8,88","3,60M","-0,22%"
"18.02.2013","9,04","9,10","9,10","8,98","1,98M","0,00%"
"15.02.2013","9,04","8,94","9,14","8,90","3,98M","1,12%"
"14.02.2013","8,94","9,04","9,06","8,78","3,78M","-0,89%"
"13.02.2013","9,02","9,06","9,24","9,00","3,58M","-0,22%"
"12.02.2013","9,04","8,90","9,16","8,90","2,81M","1,80%"
"11.02.2013","8,88","9,12","9,14","8,86","4,27M","-2,42%"
"08.02.2013","9,10","9,22","9,22","8,98","5,30M","-1,30%"
"07.02.2013","9,22","9,44","9,56","9,18","3,02M","-3,15%"
"06.02.2013","9,52","9,66","9,72","9,40","4,58M","-1,24%"
"05.02.2013","9,64","9,42","9,66","9,40","3,91M","2,12%"
"04.02.2013","9,44","9,18","9,48","9,12","4,18M","-0,21%"
"01.02.2013","9,46","9,24","9,46","9,20","3,47M","3,05%"
"31.01.2013","9,18","9,48","9,52","9,18","5,17M","-2,96%"
"30.01.2013","9,46","9,86","9,90","9,42","4,30M","-3,67%"
"29.01.2013","9,82","9,76","9,82","9,54","5,44M","0,82%"
"28.01.2013","9,74","10,00","10,05","9,64","5,48M","-2,60%"
"25.01.2013","10,00","10,35","10,35","9,95","5,09M","-2,44%"
"24.01.2013","10,25","10,20","10,35","10,10","3,32M","0,49%"
"23.01.2013","10,20","10,35","10,40","10,10","3,40M","-0,97%"
"22.01.2013","10,30","10,45","10,55","10,15","6,02M","-1,90%"
"21.01.2013","10,50","10,55","10,80","10,40","2,11M","0,48%"
"18.01.2013","10,45","10,50","10,60","10,20","3,13M","0,00%"
"17.01.2013","10,45","10,20","10,55","10,20","4,84M","2,96%"
"16.01.2013","10,15","10,00","10,20","9,96","5,66M","2,53%"
"15.01.2013","9,90","9,88","10,00","9,80","3,56M","-0,40%"
"14.01.2013","9,94","9,88","9,98","9,84","3,35M","0,81%"
"11.01.2013","9,86","9,86","9,88","9,70","2,58M","-0,40%"
"10.01.2013","9,90","9,94","9,98","9,76","2,97M","0,00%"
"09.01.2013","9,90","9,80","9,92","9,74","2,99M","1,23%"
"08.01.2013","9,78","9,92","10,06","9,74","6,31M","-1,21%"
"07.01.2013","9,90","9,54","9,96","9,54","4,69M","3,77%"
"04.01.2013","9,54","9,38","9,58","9,36","3,79M","1,92%"
"03.01.2013","9,36","9,34","9,46","9,28","4,60M","0,21%"
"02.01.2013","9,34","9,30","9,48","9,30","3,34M","0,86%"
"31.12.2012","9,26","9,40","9,42","9,22","4,65M","-2,53%"
"28.12.2012","9,50","9,52","9,54","9,36","1,56M","0,21%"
"27.12.2012","9,48","9,20","9,48","9,18","2,86M","3,04%"
"26.12.2012","9,20","9,10","9,24","9,06","1,47M","1,55%"
"25.12.2012","9,06","9,14","9,18","9,06","620,85K","-0,66%"
"24.12.2012","9,12","9,06","9,16","9,02","731,91K","0,88%"
"21.12.2012","9,04","9,00","9,14","8,96","2,30M","0,22%"
"20.12.2012","9,02","8,90","9,10","8,90","3,25M","1,35%"
"19.12.2012","8,90","9,18","9,24","8,90","4,70M","-2,63%"
"18.12.2012","9,14","9,16","9,44","9,14","4,71M","0,22%"
"17.12.2012","9,12","8,76","9,14","8,74","8,74M","4,35%"
"14.12.2012","8,74","8,90","8,96","8,74","1,96M","-2,46%"
"13.12.2012","8,96","9,02","9,06","8,82","3,09M","-0,44%"
"12.12.2012","9,00","9,04","9,10","8,96","3,10M","0,22%"
"11.12.2012","8,98","8,88","9,04","8,84","4,20M","1,35%"
"10.12.2012","8,86","8,80","8,86","8,70","2,43M","1,37%"
"07.12.2012","8,74","8,84","8,86","8,68","2,87M","-0,91%"
"06.12.2012","8,82","8,74","8,92","8,70","3,22M","0,46%"
"05.12.2012","8,78","8,60","8,80","8,54","5,28M","2,57%"
"04.12.2012","8,56","8,28","8,60","8,26","8,18M","3,13%"
"03.12.2012","8,30","8,22","8,30","8,18","6,60M","1,47%"
"30.11.2012","8,18","8,24","8,34","8,18","7,68M","-0,49%"
"29.11.2012","8,22","8,24","8,36","8,22","4,46M","0,49%"
"28.11.2012","8,18","8,38","8,40","8,18","6,10M","-1,92%"
"27.11.2012","8,34","8,42","8,54","8,34","4,46M","-0,48%"
"26.11.2012","8,38","8,40","8,44","8,36","2,04M","-0,24%"
"23.11.2012","8,40","8,30","8,40","8,22","3,24M","1,45%"
"22.11.2012","8,28","8,38","8,48","8,28","4,78M","-0,96%"
"21.11.2012","8,36","8,28","8,50","8,28","2,27M","0,48%"
"20.11.2012","8,32","8,36","8,46","8,28","3,42M","0,73%"
"19.11.2012","8,26","8,16","8,28","8,08","3,50M","1,23%"
"16.11.2012","8,16","8,26","8,30","8,14","2,21M","-0,73%"
"15.11.2012","8,22","8,16","8,34","8,16","3,02M","1,48%"
"14.11.2012","8,10","8,42","8,56","8,10","3,77M","-4,26%"
"13.11.2012","8,46","8,40","8,48","8,30","2,86M","0,71%"
"12.11.2012","8,40","8,34","8,42","8,28","2,49M","1,20%"
"09.11.2012","8,30","8,42","8,42","8,30","2,53M","-1,19%"
"08.11.2012","8,40","8,22","8,40","8,18","2,72M","2,44%"
"07.11.2012","8,20","8,28","8,48","8,20","6,43M","-0,73%"
"06.11.2012","8,26","8,28","8,28","8,18","3,36M","-0,48%"
"05.11.2012","8,30","8,12","8,38","8,04","4,95M","2,47%"
"02.11.2012","8,10","8,28","8,28","8,10","2,83M","-2,17%"
"01.11.2012","8,28","8,42","8,46","8,20","4,47M","-1,66%"
"31.10.2012","8,42","8,20","8,46","8,12","9,55M","54,21%"
"23.12.2011","5,46","5,50","5,50","5,40","2,00M","0,74%"
"22.12.2011","5,42","5,44","5,53","5,36","3,49M","0,37%"
"21.12.2011","5,40","5,50","5,57","5,36","4,44M","-1,10%"
"20.12.2011","5,46","5,29","5,46","5,23","3,84M","4,00%"
"19.12.2011","5,25","5,36","5,42","5,23","3,55M","-2,42%"
"16.12.2011","5,38","5,53","5,55","5,38","3,71M","-1,47%"
"15.12.2011","5,46","5,51","5,55","5,38","5,29M","-0,36%"
"14.12.2011","5,48","5,61","5,70","5,44","4,39M","-2,84%"
"13.12.2011","5,64","5,66","5,76","5,50","3,77M","-0,35%"
"12.12.2011","5,66","5,74","5,79","5,63","2,93M","-2,08%"
"09.12.2011","5,78","5,61","5,85","5,61","4,18M","-0,17%"
"08.12.2011","5,79","6,13","6,13","5,74","4,19M","-4,46%"
"07.12.2011","6,06","6,11","6,15","5,94","3,40M","0,33%"
"06.12.2011","6,04","6,07","6,13","5,93","3,55M","-1,47%"
"05.12.2011","6,13","6,06","6,17","6,02","3,52M","2,17%"
"02.12.2011","6,00","5,81","6,11","5,81","6,14M","3,27%"
"01.12.2011","5,81","5,85","5,96","5,78","3,72M","-1,69%"
"30.11.2011","5,91","5,33","5,93","5,33","5,54M","9,04%"
"29.11.2011","5,42","5,25","5,46","5,21","5,50M","3,24%"
"28.11.2011","5,25","5,16","5,36","5,16","3,05M","2,14%"
"25.11.2011","5,14","5,01","5,20","4,88","5,52M","4,26%"
"24.11.2011","4,93","5,33","5,33","4,92","5,28M","-6,45%"
"23.11.2011","5,27","5,38","5,44","5,21","7,13M","-3,48%"
"22.11.2011","5,46","5,57","5,72","5,27","4,05M","-0,36%"
"21.11.2011","5,48","5,68","5,76","5,46","3,23M","-4,20%"
"18.11.2011","5,72","5,83","5,83","5,68","2,37M","-1,89%"
"17.11.2011","5,83","5,94","5,98","5,79","3,32M","-2,83%"
"16.11.2011","6,00","5,85","6,02","5,85","4,85M","1,52%"
"15.11.2011","5,91","5,79","5,93","5,76","3,56M","2,25%"
"14.11.2011","5,78","5,83","5,93","5,76","2,23M","-0,86%"
"11.11.2011","5,83","5,70","5,89","5,70","3,96M","2,64%"
"10.11.2011","5,68","5,64","5,76","5,63","7,43M","-2,57%"
"04.11.2011","5,83","5,85","5,98","5,81","8,06M","0,69%"
"03.11.2011","5,79","5,53","5,79","5,48","8,48M","3,21%"
"02.11.2011","5,61","5,57","5,66","5,51","7,13M","1,45%"
"01.11.2011","5,53","5,79","5,83","5,53","6,99M","-6,43%"
"31.10.2011","5,91","6,07","6,07","5,83","5,34M","-3,27%"
"28.10.2011","6,11","6,17","6,17","6,07","3,43M","-0,33%"
"27.10.2011","6,13","6,21","6,22","6,09","3,98M","0,00%"
"26.10.2011","6,13","6,11","6,19","6,00","3,74M","0,33%"
"25.10.2011","6,11","6,06","6,17","6,00","2,55M","0,66%"
"24.10.2011","6,07","6,22","6,24","5,98","3,58M","-2,25%"
"21.10.2011","6,21","6,02","6,21","5,96","2,98M","2,31%"
"20.10.2011","6,07","6,15","6,15","6,02","3,17M","-2,41%"
"19.10.2011","6,22","6,41","6,45","6,17","3,83M","-2,35%"
"18.10.2011","6,37","6,24","6,37","6,22","2,87M","1,11%"
"17.10.2011","6,30","6,56","6,58","6,26","4,28M","-3,37%"
"14.10.2011","6,52","6,49","6,58","6,43","2,11M","0,46%"
"13.10.2011","6,49","6,52","6,62","6,45","3,46M","-0,76%"
"12.10.2011","6,54","6,56","6,62","6,50","3,39M","0,00%"
"11.10.2011","6,54","6,50","6,54","6,41","1,67M","1,08%"
"10.10.2011","6,47","6,37","6,47","6,34","2,49M","3,03%"
"07.10.2011","6,28","6,24","6,41","6,13","3,11M","1,45%"
"06.10.2011","6,19","6,36","6,36","6,19","1,86M","-1,12%"
"05.10.2011","6,26","6,36","6,37","6,21","5,34M","0,64%"
"04.10.2011","6,22","6,39","6,47","6,22","3,13M","-3,57%"
"03.10.2011","6,45","6,37","6,62","6,36","3,66M","-0,31%"
"30.09.2011","6,47","6,60","6,65","6,34","3,73M","-1,67%"
"29.09.2011","6,58","6,56","6,75","6,52","3,42M","0,92%"
"28.09.2011","6,52","6,32","6,65","6,32","5,02M","2,35%"
"27.09.2011","6,37","6,26","6,37","6,19","2,26M","3,24%"
"26.09.2011","6,17","6,04","6,37","5,98","4,86M","-0,32%"
"23.09.2011","6,19","6,41","6,43","6,02","7,03M","-3,43%"
"22.09.2011","6,41","6,60","6,69","6,32","5,54M","-5,74%"